sno,sna,tot,sbi,sarea,mday,lat,lng,ar,sareaen,snaen,aren,bemp,act,srcUpdateTime,updateTime,infoTime,infoDate
500101001,YouBike2.0_捷運科技大樓站,28,0,大安區,2023-05-08 21:48:03,25.02605,121.5436,復興南路二段235號前,Daan Dist.,YouBike2.0_MRT Technology Bldg. Sta.,No.235， Sec. 2， Fuxing S. Rd.,28,1,2023-05-08 21:49:29,2023-05-08 21:49:51,2023-05-08 21:48:03,2023-05-08
500101002,YouBike2.0_復興南路二段273號前,21,0,大安區,2023-05-08 21:46:04,25.02565,121.54357,復興南路二段273號西側,Daan Dist.,YouBike2.0_No.273， Sec. 2， Fuxing S. Rd.,No.273， Sec. 2， Fuxing S. Rd. (West),21,1,2023-05-08 21:49:29,2023-05-08 21:49:51,2023-05-08 21:46:04,2023-05-08
500101005,YouBike2.0_辛亥復興路口西北側,16,0,大安區,2023-05-08 21:34:03,25.02153,121.54299,復興南路二段368號,Daan Dist.,YouBike2.0_Xinhai Fuxing Rd. Intersection (Northwest),No. 368， Sec. 2， Fuxing S. Rd.,16,1,2023-05-08 21:49:29,2023-05-08 21:49:51,2023-05-08 21:34:03,2023-05-08
500101007,YouBike2.0_復興南路二段340巷口,11,0,大安區,2023-05-08 21:10:08,25.02253,121.54326,復興南路二段342號,Daan Dist.,YouBike2.0_Ln. 340， Sec. 2， Fuxing S. Rd.,No. 342， Sec. 2， Fuxing S. Rd.,11,1,2023-05-08 21:49:29,2023-05-08 21:49:51,2023-05-08 21:10:08,2023-05-08
500101013,YouBike2.0_和平復興路口西北側,9,0,大安區,2023-05-08 21:23:04,25.02543,121.54332,復興南路二段236號,Daan Dist.,YouBike2.0_Heping Fuxing Rd. Intersection (Northwest),No. 236， Sec. 2， Fuxing S. Rd.,9,1,2023-05-08 21:49:29,2023-05-08 21:49:51,2023-05-08 21:23:04,2023-05-08
500101021,YouBike2.0_銘傳國小側門,7,0,大安區,2023-05-08 21:41:04,25.01385,121.53549,羅斯福路四段21號旁天橋下,Daan Dist.,YouBike2.0_Taipei Municipal MingChuan Elementary School(Side Gate),No. 21， Sec. 4， Roosevelt Rd.,7,1,2023-05-08 21:49:29,2023-05-08 21:49:51,2023-05-08 21:41:04,2023-05-08
500101025,YouBike2.0_臺灣科技大學側門,99,0,大安區,2023-05-08 21:45:05,25.01295,121.53973,基隆路四段73巷與基隆路口,Daan Dist.,YouBike2.0_NTUST(Side Gate),Ln. 73， Sec. 4， Keelung Rd. Intersection,99,1,2023-05-08 21:49:29,2023-05-08 21:49:51,2023-05-08 21:45:05,2023-05-08
500101028,YouBike2.0_臺大醫學院附設癌醫中心,20,0,大安區,2023-05-08 21:12:04,25.01426,121.54382,基隆路三段155巷57號西側,Daan Dist.,YouBike2.0_NTU Cancer Center,No. 57， Ln. 155， Sec. 3， Keelung Rd.(West),20,1,2023-05-08 21:49:29,2023-05-08 21:49:51,2023-05-08 21:12:04,2023-05-08
500101029,YouBike2.0_臺大環研大樓,15,0,大安區,2023-05-08 20:03:04,25.01234,121.54503,芳蘭路/基隆路三段155巷口,Daan Dist.,YouBike2.0_NTU Environment Research Building,Fanglan Rd & Ln. 155， Sec. 3， Keelung Rd. Intersection,15,1,2023-05-08 21:49:29,2023-05-08 21:49:51,2023-05-08 20:03:04,2023-05-08
500101034,YouBike2.0_臺大動物醫院前,18,0,大安區,2023-05-08 19:55:11,25.01576,121.54291,基隆路三段155巷/基隆路四段口,Daan Dist.,YouBike2.0_NTU Veterinary Hospital,Ln. 155， Sec. 3， Keelung Rd. Intersection,18,1,2023-05-08 21:49:29,2023-05-08 21:49:51,2023-05-08 19:55:11,2023-05-08
500101035,YouBike2.0_臺大土木研究大樓前,24,0,大安區,2023-05-08 21:21:04,25.01787,121.5476,辛亥路三段188號,Daan Dist.,YouBike2.0_NTU Civil Engineering Research Building,No. 188， Sec. 3， Xinhai Rd.,24,1,2023-05-08 21:49:29,2023-05-08 21:49:51,2023-05-08 21:21:04,2023-05-08
500101036,YouBike2.0_臺大萬才館前,20,0,大安區,2023-05-08 21:21:04,25.02032,121.54497,臺大萬才館北側,Daan Dist.,YouBike2.0_NTU Wan Tsai Research Hall,NTU Wan Tsai Research Hall,20,1,2023-05-08 21:49:29,2023-05-08 21:49:51,2023-05-08 21:21:04,2023-05-08
500101038,YouBike2.0_臺大社科院圖書館前,27,0,大安區,2023-05-08 21:40:09,25.02101,121.54284,辛亥路與復興南路口西南側,Daan Dist.,YouBike2.0_NTU College of social Sciences Building,Xinhai Fuxing Rd. Intersection (Southwest),27,1,2023-05-08 21:49:29,2023-05-08 21:49:51,2023-05-08 21:40:09,2023-05-08
500101040,YouBike2.0_臺大綜合體育館停車場前,25,0,大安區,2023-05-08 21:49:13,25.0222,121.53626,臺大綜合體育館北側,Daan Dist.,YouBike2.0_NTU Sports Center Car Park,NTU Sports Center(North),25,1,2023-05-08 21:49:29,2023-05-08 21:49:51,2023-05-08 21:49:13,2023-05-08
500101041,YouBike2.0_辛亥新生路口東南側,41,0,大安區,2023-05-08 21:42:04,25.02218,121.53474,辛亥新生路口東南側,Daan Dist.,YouBike2.0_Xinhai Xinsheng Rd. Intersection (Southeast),Xinhai Xinsheng Rd. Intersection (Southeast),41,1,2023-05-08 21:49:29,2023-05-08 21:49:51,2023-05-08 21:42:04,2023-05-08
500101092,YouBike2.0_和平實小東北側,13,0,大安區,2023-05-08 21:13:04,25.021641,121.54704,敦南街73號,Daan Dist.,YouBike2.0_Heping Experiment Elementary School (Northeast),No. 73， Dunnan St.,13,1,2023-05-08 21:49:29,2023-05-08 21:49:51,2023-05-08 21:13:04,2023-05-08
500101093,YouBike2.0_大安區健康服務中心,15,0,大安區,2023-05-08 21:36:04,25.021469,121.544069,辛亥路三段15號,Daan Dist.,YouBike2.0_Daan District Public Health Center,No. 15， Sec. 1， Xinhai Rd.,15,1,2023-05-08 21:49:29,2023-05-08 21:49:51,2023-05-08 21:36:04,2023-05-08
500101114,YouBike2.0_新生和平路口東北側,38,0,大安區,2023-05-08 21:47:04,25.02657,121.53515,新生南路二段與和平東路二段口東北側,Daan Dist.,YouBike2.0_Sec. 2， Xinsheng S. Rd & Sec. 2， Heping E. Rd Intersection,Sec. 2， Xinsheng S. Rd & Sec. 2， Heping E. Rd (Northeast),38,1,2023-05-08 21:49:29,2023-05-08 21:49:51,2023-05-08 21:47:04,2023-05-08
500101115,YouBike2.0_建國和平路口西北側,44,0,大安區,2023-05-08 21:37:04,25.02606,121.53738,建國南路二段與和平東路二段口西北側,Daan Dist.,YouBike2.0_Sec. 2， Jianguo S. Rd & Sec. 2， Heping E. Rd Intersection,Sec. 2， Jianguo S. Rd & Sec. 2， Heping E. Rd. (Northwest),44,1,2023-05-08 21:49:29,2023-05-08 21:49:51,2023-05-08 21:37:04,2023-05-08
500101118,YouBike2.0_金甌女中,12,0,大安區,2023-05-08 21:37:04,25.03519,121.5245,信義路二段與杭州南路二段東南側,Daan Dist.,YouBike2.0_Jin'ou Girls High School,Sec. 2， Xinyi Rd. & Sec. 2， Hangzhou S. Rd. (Southeast),12,1,2023-05-08 21:49:29,2023-05-08 21:49:51,2023-05-08 21:37:04,2023-05-08
500101122,YouBike2.0_敦化南路二段293巷口南側,14,0,大安區,2023-05-08 20:23:04,25.0237,121.54899,敦化南路二段293巷口南側,Daan Dist.,YouBike2.0_Ln. 293， Sec. 2， Dunhua S. Rd (South),Ln. 293， Sec. 2， Dunhua S. Rd. (South),14,1,2023-05-08 21:49:29,2023-05-08 21:49:51,2023-05-08 20:23:04,2023-05-08
500101130,YouBike2.0_民榮公園,15,0,大安區,2023-04-20 07:22:04,25.03534,121.5354,建國南路一段304巷45號南側,Daan Dist.,YouBike2.0_Minrong Park,No. 45， Ln. 304， Sec. 1， Jianguo S. Rd. (South),15,0,2023-05-08 21:49:29,2023-05-08 21:49:51,2023-04-20 07:22:04,2023-04-20
500101131,YouBike2.0_復興南路1段340巷口,38,0,大安區,2023-05-08 21:27:04,25.03701,121.54348,復興南路一段信義路三段147巷45弄口,Daan Dist.,YouBike2.0_Ln. 340， Sec. 1， Fuxing S. Rd Intersection,Sec. 1， Fuxing S. Rd & Aly. 45， Ln. 147， Sec. 3， Xinyi Rd Intersection.,37,1,2023-05-08 21:49:29,2023-05-08 21:49:51,2023-05-08 21:27:04,2023-05-08
500101132,YouBike2.0_建國濟南路口,29,0,大安區,2023-05-08 21:21:04,25.03935,121.53828,建國南路一段/濟南路三段口(東南側),Daan Dist.,YouBike2.0_Sec. 1， Jianguo S. Rd & Sec. 3， Jinan Rd Intersection,Sec. 1， Jianguo S. Rd & Sec. 3， Jinan Rd Intersection. (Southeast),29,1,2023-05-08 21:49:29,2023-05-08 21:49:51,2023-05-08 21:21:04,2023-05-08
500101134,YouBike2.0_捷運大安站(4號出口),13,0,大安區,2023-05-08 21:48:13,25.0332,121.5439,信義路4段6號(前),Daan Dist.,YouBike2.0_MRT Da’an Sta (Exit 4),No. 6， Sec. 4， Xinyi Rd.,13,1,2023-05-08 21:49:29,2023-05-08 21:49:51,2023-05-08 21:48:13,2023-05-08
500101136,YouBike2.0_信義大安路口(信維大樓),12,0,大安區,2023-05-08 21:46:04,25.03317,121.54639,信義路四段74號(前),Daan Dist.,YouBike2.0_Sec. 4， Xinyi Rd & Da’an Rd Intersection (Xinwei Building),No. 74， Sec. 4， Xinyi Rd.,12,1,2023-05-08 21:49:29,2023-05-08 21:49:51,2023-05-08 21:46:04,2023-05-08
500101137,YouBike2.0_龍門廣場,50,0,大安區,2023-05-08 21:41:04,25.04092,121.54825,敦化南路一段與敦化南路一段236巷口,Daan Dist.,YouBike2.0_Long Men Plaza,Sec. 1， Dunhua S. Rd & Ln. 236， Sec. 1， Dunhua S. Rd Intersection.,50,1,2023-05-08 21:49:29,2023-05-08 21:49:51,2023-05-08 21:41:04,2023-05-08
500101138,YouBike2.0_仁愛安和路口,25,0,大安區,2023-05-08 21:49:13,25.03754,121.55285,仁愛路四段258號前,Daan Dist.,YouBike2.0_Sec. 4， Ren'ai Rd & Sec. 1， Anhe Rd Intersection,No. 74， Sec. 4， Ren'ai Rd.,25,1,2023-05-08 21:49:29,2023-05-08 21:49:51,2023-05-08 21:49:13,2023-05-08
500101150,YouBike2.0_捷運忠孝新生站(4號出口),34,0,大安區,2023-05-08 21:49:03,25.04239,121.53324,忠孝新生路口北側,Daan Dist.,YouBike2.0_MRT Zhongxiao Xinsheng Sta. (Exit 4),Zhongxiao & Xinsheng S. Rd Intersection. (North),34,1,2023-05-08 21:49:29,2023-05-08 21:49:51,2023-05-08 21:49:03,2023-05-08
500101157,YouBike2.0_東豐公園,19,0,大安區,2023-05-08 21:41:04,25.03569,121.5451,東豐街24號(旁公園路側),Daan Dist.,YouBike2.0_Dongfeng Park,No. 24， Dongfeng St.,19,1,2023-05-08 21:49:29,2023-05-08 21:49:51,2023-05-08 21:41:04,2023-05-08
500101160,YouBike2.0_捷運忠孝敦化站(2號出口),17,0,大安區,2023-05-08 21:18:04,25.04153,121.5524,忠孝東路四段221號,Daan Dist.,YouBike2.0_MRT Zhongxiao Dunhua Sta. (Exit 2),No. 221， Sec. 4， Zhongxiao E. Rd.,17,1,2023-05-08 21:49:29,2023-05-08 21:49:51,2023-05-08 21:18:04,2023-05-08
500101166,YouBike2.0_捷運科技大樓站(台北教育大學),46,0,大安區,2023-05-08 21:49:13,25.02469,121.54459,和平東路二段134號前,Daan Dist.,YouBike2.0_MRT Technology Building Station,No. 134， Sec. 2， Heping E. Rd.,46,1,2023-05-08 21:49:29,2023-05-08 21:49:51,2023-05-08 21:49:13,2023-05-08
500101171,YouBike2.0_仁愛延吉街口,25,0,大安區,2023-05-08 21:49:13,25.03748,121.55564,仁愛路四段376號前,Daan Dist.,YouBike2.0_Renai & Yanji Intersection,No. 376， Sec. 4， Ren'ai Rd.,25,1,2023-05-08 21:49:29,2023-05-08 21:49:51,2023-05-08 21:49:13,2023-05-08
500101173,YouBike2.0_敦化南路二段103巷口,24,0,大安區,2023-05-08 21:26:04,25.0287,121.54904,敦化南路二段99號前,Daan Dist.,YouBike2.0_Ln. 103，Sec. 2，Dunhua S. Rd.,No. 99， Sec. 2， Dunhua S. Rd.,24,1,2023-05-08 21:49:29,2023-05-08 21:49:51,2023-05-08 21:26:04,2023-05-08
500101179,YouBike2.0_捷運東門站(5號出口),28,0,大安區,2023-05-08 21:49:03,25.03363,121.52962,信義路二段178號前,Daan Dist.,YouBike2.0_MRT Dongmen Sta. (Exit 5),No. 178， Sec. 2， Xinyi Rd.,28,1,2023-05-08 21:49:29,2023-05-08 21:49:51,2023-05-08 21:49:03,2023-05-08
500101185,YouBike2.0_辛亥新生路口西北側,12,0,大安區,2023-05-08 21:40:09,25.02267,121.5341,辛亥路一段/新生南路三段(西北側),Daan Dist.,YouBike2.0_Xinhai Rd. & Xinsheng S. Rd. Intersection,Sec. 1， Xinhai Rd. & Sec. 3， Xinsheng S. Rd. Intersection (Northwest),12,1,2023-05-08 21:49:29,2023-05-08 21:49:51,2023-05-08 21:40:09,2023-05-08
500101186,YouBike2.0_捷運大安站(6號出口),19,0,大安區,2023-05-08 21:43:04,25.03479,121.54376,復興南路一段303號前,Daan Dist.,YouBike2.0_MRT Da’an Sta. (Exit 6),No. 303， Sec. 1， Fuxing S. Rd.,19,1,2023-05-08 21:49:29,2023-05-08 21:49:51,2023-05-08 21:43:04,2023-05-08
500101191,YouBike2.0_大安運動中心,27,0,大安區,2023-05-08 18:03:04,25.02054,121.54561,辛亥路三段55號前方人行道(大安運動中心),Daan Dist.,YouBike2.0_Taipei Daan Sports Center,No. 55， Sec. 3， Xinhai Rd.,27,1,2023-05-08 21:49:29,2023-05-08 21:49:51,2023-05-08 18:03:04,2023-05-08
500101192,YouBike2.0_和平敦化路口,25,0,大安區,2023-05-08 21:33:04,25.02444,121.54908,和平東路三段 / 敦化南路二段口(東側),Daan Dist.,YouBike2.0_Heping Rd. & Dunhua Rd. Intersection,Sec. 3， Heping E. Rd. & Sec. 2， Dunhua S. Rd. Intersection (East),25,1,2023-05-08 21:49:29,2023-05-08 21:49:51,2023-05-08 21:33:04,2023-05-08
500101193,YouBike2.0_基隆長興路口,43,0,大安區,2023-05-08 21:11:04,25.01705,121.54435,基隆路/長興街(東南側),Daan Dist.,YouBike2.0_Keelung Rd. & Changxing St. Intersection,Keelung Rd. & Changxing St. Intersection (Southeast),43,1,2023-05-08 21:49:29,2023-05-08 21:49:51,2023-05-08 21:11:04,2023-05-08
500101194,YouBike2.0_仁愛路四段122巷口,16,0,大安區,2023-05-08 21:40:09,25.03762,121.55009,仁愛路四段118號前,Daan Dist.,YouBike2.0_Ln. 122， Sec. 4， Ren'ai Rd.,No. 188， Sec. 4， Ren'ai Rd.,16,1,2023-05-08 21:49:29,2023-05-08 21:49:51,2023-05-08 21:40:09,2023-05-08
500101197,YouBike2.0_忠孝東路四段49巷口,15,0,大安區,2023-05-08 21:44:04,25.04172,121.54541,忠孝東路四段55號前,Daan Dist.,YouBike2.0_Ln. 49， Sec. 4， Zhongxiao E. Rd.,No. 55， Sec. 4， Zhongxiao E. Rd.,15,1,2023-05-08 21:49:29,2023-05-08 21:49:51,2023-05-08 21:44:04,2023-05-08
500101198,YouBike2.0_市民復興路口(東南側),16,0,大安區,2023-05-08 21:36:04,25.04472,121.54401,市民大道四段/復興路一段口(東南側),Daan Dist.,YouBike2.0_Civic Blvd. & Fuxing Rd. Intersection (Southeast),Sec. 4， Civic Blvd. & Sec. 1， Fuxing S. Rd. Intersection (Southeast),16,1,2023-05-08 21:49:29,2023-05-08 21:49:51,2023-05-08 21:36:04,2023-05-08
500101202,YouBike2.0_仁愛敦南圓環(東南側),16,0,大安區,2023-05-08 21:40:09,25.03715,121.54936,仁愛路四段110號前,Daan Dist.,YouBike2.0_Renai Dunnan Traffic Cir (Southeast),No. 110， Sec. 4， Ren'ai Rd.,16,1,2023-05-08 21:49:29,2023-05-08 21:49:51,2023-05-08 21:40:09,2023-05-08
500101204,YouBike2.0_外交部外交及國際事務學院,17,0,大安區,2023-05-08 21:21:04,25.0371,121.54839,敦化南路一段280號,Daan Dist.,YouBike2.0_Institute of Diplomacy and International Affairs,No. 280， Sec. 1， Dunhua S. Rd.,17,1,2023-05-08 21:49:29,2023-05-08 21:49:51,2023-05-08 21:21:04,2023-05-08
500101209,YouBike2.0_臺大資訊大樓,40,0,大安區,2023-05-08 19:53:05,25.02101,121.54153,辛亥路二段(臺大外語學院外),Daan Dist.,YouBike2.0_NTU Information Building,Sec. 2， Xinhai Rd.(NTU Language Center),40,1,2023-05-08 21:49:29,2023-05-08 21:49:51,2023-05-08 19:53:05,2023-05-08
500101212,YouBike2.0_捷運國父紀念館站(1號出口),25,0,大安區,2023-05-08 21:47:04,25.04205,121.55657,光復南路200巷26號東側,Daan Dist.,YouBike2.0_MRT S.Y.S Memorial Hall Sta. (Exit 1),No. 26， Ln. 200， Guangfu S. Rd. (East),25,1,2023-05-08 21:49:29,2023-05-08 21:49:51,2023-05-08 21:47:04,2023-05-08
500101217,YouBike2.0_捷運大安站(5號出口),19,0,大安區,2023-05-08 21:47:04,25.03303,121.54372,復興南路二段/信義路四段(東南側),Daan Dist.,YouBike2.0_MRT Da’an Sta. (Exit 5),Sec. 2， Fuxing S. Rd. & Sec. 4， Xinyi Rd. Intersection (Southeast),19,1,2023-05-08 21:49:29,2023-05-08 21:49:51,2023-05-08 21:47:04,2023-05-08
500101221,YouBike2.0_忠孝東路四段248巷口,15,0,大安區,2023-05-08 21:44:04,25.04132,121.55393,忠孝東路四段230號前,Daan Dist.,YouBike2.0_Ln. 248， Sec. 4， Zhongxiao E. Rd.,No. 230， Sec. 4， Zhongxiao E. Rd.,15,1,2023-05-08 21:49:29,2023-05-08 21:49:51,2023-05-08 21:44:04,2023-05-08
500103013,YouBike2.0_台北數位產業園區,24,0,大同區,2023-05-08 21:49:03,25.07447,121.52003,承德路三段287號前方,Datong Dist,YouBike2.0_DigiBlock Taipei,No. 287， Sec. 3， Chengde Rd.,24,1,2023-05-08 21:49:29,2023-05-08 21:49:51,2023-05-08 21:49:03,2023-05-08
500103025,YouBike2.0_捷運大橋頭站(1A出口),18,0,大同區,2023-05-08 21:41:04,25.06325,121.51162,民權西路237號旁,Datong Dist,YouBike2.0_MRT Daqiaotou Sta. (Exit 1A),No. 237， Minquan W Rd.,18,1,2023-05-08 21:49:29,2023-05-08 21:49:51,2023-05-08 21:41:04,2023-05-08
500103026,YouBike2.0_捷運民權西路站(2號出口),25,0,大同區,2023-05-08 21:35:04,25.06174,121.51969,捷運民權西路站(2號出口)西側,Datong Dist,YouBike2.0_MRT Minquan W. Rd. Sta. (Exit 2),MRT Minquan W. Rd. Sta. (West),25,1,2023-05-08 21:49:29,2023-05-08 21:49:51,2023-05-08 21:35:04,2023-05-08
500103030,YouBike2.0_永樂市場,38,0,大同區,2023-05-08 21:49:03,25.05454,121.51052,南京西路233巷103號旁,Datong Dist,YouBike2.0_Yongle Market,No. 103， Ln. 233， Nanjing W. Rd.,37,1,2023-05-08 21:49:29,2023-05-08 21:49:51,2023-05-08 21:49:03,2023-05-08
500103033,YouBike2.0_圓山線形公園,14,0,大同區,2023-05-08 21:33:04,25.06867,121.51993,玉門街/民族西路(西北側),Datong Dist,YouBike2.0_Linear Park - Yuanshan,Minzu Rd. & Minzu W. Rd. Intersection (Northwest),14,1,2023-05-08 21:49:29,2023-05-08 21:49:51,2023-05-08 21:33:04,2023-05-08
500103047,YouBike2.0_承德民權路口,17,0,大同區,2023-05-08 21:49:13,25.06247,121.51839,承德路二段239號前,Datong Dist,YouBike2.0_Chengde Rd. & Minquan Rd. Intersection,No. 239， Sec. 2， Chengde Rd.,17,1,2023-05-08 21:49:29,2023-05-08 21:49:51,2023-05-08 21:49:13,2023-05-08
500103051,YouBike2.0_臺北轉運站(華陰街),20,0,大同區,2023-05-08 21:35:04,25.04937,121.51914,華陰街45號(對面),Datong Dist,YouBike2.0_Taipei Bus Station (Huayin St.),No. 45， Huayin St. (Opposite),20,1,2023-05-08 21:49:29,2023-05-08 21:49:51,2023-05-08 21:35:04,2023-05-08
500103057,YouBike2.0_捷運圓山站(2號出口),37,0,大同區,2023-05-08 21:49:03,25.07182,121.51929,承德路三段/庫倫街(東南側),Datong Dist,YouBike2.0_MRT Yuanshan Sta. (Exit 2),Sec. 3， Chengde Rd. & Kulun St. Intersection (Southeast),37,1,2023-05-08 21:49:29,2023-05-08 21:49:51,2023-05-08 21:49:03,2023-05-08
500103060,YouBike2.0_成淵高中,14,0,大同區,2023-05-08 21:44:04,25.06036,121.51996,錦西街與錦西街52巷口東北側,Datong Dist,YouBike2.0_ChengYuan High School,Jinxi St. & Ln. 52， Jinxi St. Intersection (Northeast),14,1,2023-05-08 21:49:29,2023-05-08 21:49:51,2023-05-08 21:44:04,2023-05-08
500103062,YouBike2.0_寧夏涼州街口,15,0,大同區,2023-05-08 21:45:05,25.06095,121.51428,寧夏路141號對側,Datong Dist,YouBike2.0_Ningxia Rd. & Liangzhou St. Intersection,No. 141， Ningxia Rd. (Opposite),15,1,2023-05-08 21:49:29,2023-05-08 21:49:51,2023-05-08 21:45:05,2023-05-08
500104005,YouBike2.0_雨聲街165巷口,15,0,士林區,2023-05-08 21:43:04,25.10277,121.53357,雨聲街/雨聲街165巷(西北側),Shilin Dist,YouBike2.0_Ln. 165， Yusheng St. Intersection,Ln. 165， Yusheng St. Intersection (Northwest),15,1,2023-05-08 21:49:29,2023-05-08 21:49:51,2023-05-08 21:43:04,2023-05-08
500104010,YouBike2.0_忠誠路二段53巷,18,0,士林區,2023-05-08 21:26:04,25.11127,121.53244,忠誠路2段53巷7號(對面),Shilin Dist,YouBike2.0_Ln. 53， Sec. 2， Zhongcheng Rd.,No.7， Ln. 53， Sec. 2， Zhongcheng Rd. (Opposite),18,1,2023-05-08 21:49:29,2023-05-08 21:49:51,2023-05-08 21:26:04,2023-05-08
500104016,YouBike2.0_劍潭海外青年活動中心,23,0,士林區,2023-05-08 21:14:04,25.07994,121.52426,中山北路4段/通河街口,Shilin Dist,YouBike2.0_Chientan Youth Activity Center,Sec. 4， Zhongshan N. Rd. & Tonghe St. Intersection,23,1,2023-05-08 21:49:29,2023-05-08 21:49:51,2023-05-08 21:14:04,2023-05-08
500104018,YouBike2.0_忠誠路一段173巷口,11,0,士林區,2023-05-08 21:36:04,25.10813,121.5304,忠誠路一段177號(前),Shilin Dist,YouBike2.0_No. 173， Sec. 1， Zhongcheng Rd. Intersection,No. 177， Sec. 1， Zhongcheng Rd.,9,1,2023-05-08 21:49:29,2023-05-08 21:49:51,2023-05-08 21:36:04,2023-05-08
500104027,YouBike2.0_百齡高中,15,0,士林區,2023-05-08 20:40:09,25.08736,121.52272,承德路四段179巷/承德路4段口,Shilin Dist,YouBike2.0_Bailing High School,Ln. 179， Sec. 4， Chengde Rd. Intersection,15,1,2023-05-08 21:49:29,2023-05-08 21:49:51,2023-05-08 20:40:09,2023-05-08
500104028,YouBike2.0_捷運芝山站(2號出口),21,0,士林區,2023-05-08 21:36:04,25.10364,121.52219,福華路151號(對面),Shilin Dist,YouBike2.0_MRT Zhishan Station,No. 151， Fuhua Rd. (Opposite),21,1,2023-05-08 21:49:29,2023-05-08 21:49:51,2023-05-08 21:36:04,2023-05-08
500104029,YouBike2.0_臺灣戲曲中心,14,0,士林區,2023-05-08 21:01:04,25.10208,121.51979,文林路751號(南側),Shilin Dist,YouBike2.0_Taiwan Traditional Theatre Center,No. 751， Wenlin Rd. (South),14,1,2023-05-08 21:49:29,2023-05-08 21:49:51,2023-05-08 21:01:04,2023-05-08
500104030,YouBike2.0_捷運劍潭站(2號出口),79,0,士林區,2023-05-08 21:49:13,25.08288,121.52455,基河路18號(對面),Shilin Dist,YouBike2.0_MRT Jianta Station,No.18， Jihe Rd. (Opposite),79,1,2023-05-08 21:49:29,2023-05-08 21:49:51,2023-05-08 21:49:13,2023-05-08
500104036,YouBike2.0_陽明高中,36,0,士林區,2023-05-08 21:29:04,25.09164,121.51706,中正路510號(前),Shilin Dist,YouBike2.0_Yangming High School,No. 510， Zhongzheng Rd.,36,1,2023-05-08 21:49:29,2023-05-08 21:49:51,2023-05-08 21:29:04,2023-05-08
500104037,YouBike2.0_兒童新樂園,23,0,士林區,2023-05-08 19:21:04,25.09631,121.51449,承德路五段55號(旁公車亭),Shilin Dist,YouBike2.0_Taipei Children's Amusement Park,No. 55， Sec. 5， Chengde Rd.,23,1,2023-05-08 21:49:29,2023-05-08 21:49:51,2023-05-08 19:21:04,2023-05-08
500104039,YouBike2.0_華聲公園,27,0,士林區,2023-02-03 10:09:04,25.09619,121.5223,華聲街17號(南側路側),Shilin Dist,YouBike2.0_Huasheng Park,No. 17， Huasheng St. (South),27,0,2023-05-08 21:49:29,2023-05-08 21:49:51,2023-02-03 10:09:04,2023-02-03
500104040,YouBike2.0_福林公園,17,0,士林區,2023-05-08 21:37:04,25.09419,121.52833,福林路/中山北路五段(東北側),Shilin Dist,YouBike2.0_Fulin Park,Sec. 5， Zhongshan N. Rd. (Northwest),17,1,2023-05-08 21:49:29,2023-05-08 21:49:51,2023-05-08 21:37:04,2023-05-08
500104041,YouBike2.0_捷運士林站(2號出口),30,0,士林區,2023-05-08 21:49:04,25.09343,121.52642,中山北路五段505巷44弄2號(對面),Shilin Dist,YouBike2.0_MRT Shilin Station (Exit 2),No. 2， Aly. 44， Ln. 505， Sec. 5， Zhongshan N. Rd. (Opposite),30,1,2023-05-08 21:49:29,2023-05-08 21:49:51,2023-05-08 21:49:04,2023-05-08
500104042,YouBike2.0_銘傳大學,30,0,士林區,2023-03-16 20:11:04,25.08771,121.52677,中山北路五段250號(銘傳大學對側),Shilin Dist,YouBike2.0_Ming Chuan University Taipei Campus,No. 250， Sec. 5， Zhongshan N. Rd.,29,0,2023-05-08 21:49:29,2023-05-08 21:49:51,2023-03-16 20:11:04,2023-03-16
500104046,YouBike2.0_捷運芝山站(1號出口),36,0,士林區,2023-05-08 21:49:13,25.10225,121.52286,福華路114號(對面),Shilin Dist,YouBike2.0_MRT Zhishan Sta. (Exit 1),No. 114， Fuhua Rd. (Opposite),36,1,2023-05-08 21:49:29,2023-05-08 21:49:51,2023-05-08 21:49:13,2023-05-08
500104053,YouBike2.0_重慶北葫東街口,15,0,士林區,2023-05-08 21:46:04,25.08393,121.51169,重慶北路四段177號(前),Shilin Dist,YouBike2.0_Sec. 4， Chongqing N. Rd.& Hudong St Intersection,No. 177， Sec. 4， Chongqing N. Rd.,15,1,2023-05-08 21:49:29,2023-05-08 21:49:51,2023-05-08 21:46:04,2023-05-08
500104075,YouBike2.0_中正基河路口,28,0,士林區,2023-05-08 21:30:21,25.0933,121.51962,中正路420號前,Shilin Dist,YouBike2.0_Jhongjheng Rd. & Jihe Rd. Intersection,No. 420， Jhongjheng Rd.,28,1,2023-05-08 21:49:29,2023-05-08 21:49:51,2023-05-08 21:30:21,2023-05-08
500104082,YouBike2.0_通河街76巷/承德路四段10巷口,14,0,士林區,2023-05-08 21:49:04,25.08019,121.5202,承德路四段10巷37號(旁),Shilin Dist,YouBike2.0_Ln. 76， Tonghe St. & Ln. 10， Sec. 4， Chengde Rd. Intersection,No. 37， Ln. 10， Sec. 4， Chengde Rd.,9,1,2023-05-08 21:49:29,2023-05-08 21:49:51,2023-05-08 21:49:04,2023-05-08
500104083,YouBike2.0_芝山聖佑宮,15,0,士林區,2023-05-08 19:18:05,25.10455,121.53025,雨聲街90號旁,Shilin Dist,YouBike2.0_Zhishan Shengyou Temple,No. 90， Yusheng St.,15,1,2023-05-08 21:49:29,2023-05-08 21:49:51,2023-05-08 19:18:05,2023-05-08
500104087,YouBike2.0_基河文林路口,16,0,士林區,2023-05-08 21:42:04,25.08637,121.5247,基河路3-1號對側人行道,Shilin Dist,YouBike2.0_Jihe Rd. & Wenlin Rd. Intersection,No. 3-1， Jihe Rd. (Opposite),16,1,2023-05-08 21:49:29,2023-05-08 21:49:51,2023-05-08 21:42:04,2023-05-08
500104088,YouBike2.0_文林福華路口,19,0,士林區,2023-05-08 21:11:04,25.10094,121.52243,文林路 / 福華路口(東側),Shilin Dist,YouBike2.0_Wenlin Rd. & Fude Rd. Intersection,Wenlin Rd. & Fude Rd. Intersection (East),19,1,2023-05-08 21:49:29,2023-05-08 21:49:51,2023-05-08 21:11:04,2023-05-08
500104091,YouBike2.0_捷運劍潭站(1號出口),70,0,士林區,2023-05-08 21:27:04,25.08577,121.52531,捷運劍潭站(1號出口)北側,Shilin Dist,YouBike2.0_MRT Jianta Sta. (Exit 1),MRT Jianta Sta. (Exit 1) (North),70,1,2023-05-08 21:49:29,2023-05-08 21:49:51,2023-05-08 21:27:04,2023-05-08
500104098,YouBike2.0_承德劍潭路口,19,0,士林區,2023-05-08 21:47:04,25.0841,121.52341,承德路四段與劍潭路口西側,Shilin Dist,YouBike2.0_Chengde Rd. & Jiantan Rd. Intersection,Sec. 4， Chengde Rd. & Jiantan Rd. Intersection (West),19,1,2023-05-08 21:49:29,2023-05-08 21:49:51,2023-05-08 21:47:04,2023-05-08
500104105,YouBike2.0_承德後港街口,11,0,士林區,2023-05-08 20:52:04,25.08238,121.52309,承德路四段/後港街口,Shilin Dist,YouBike2.0_Chengde Rd & Hougang St. Intersection,Sec. 4， Chengde Rd & Hougang St. Intersection,11,1,2023-05-08 21:49:29,2023-05-08 21:49:51,2023-05-08 20:52:04,2023-05-08
500104107,YouBike2.0_捷運士林站(1號出口),38,0,士林區,2023-05-08 21:44:04,25.09561,121.52552,中正路236巷/中正路口,Shilin Dist,YouBike2.0_MRT Shilin Sta. (Exit 1),Ln. 236， Zhongzheng Rd. & Zhongzheng Rd. Intersection,38,1,2023-05-08 21:49:29,2023-05-08 21:49:51,2023-05-08 21:44:04,2023-05-08
500104112,YouBike2.0_劍潭郵局,16,0,士林區,2023-05-08 19:59:04,25.08182,121.52431,基河路/承德路四段77巷口(捷運橋下),Shilin Dist,YouBike2.0_Shihlin Jiantan Post Office,Jihe Rd. & Ln. 77， Sec. 4， Chengde Rd. Intersection (Under Bridge),16,1,2023-05-08 21:49:29,2023-05-08 21:49:51,2023-05-08 19:59:04,2023-05-08
500105006,YouBike2.0_景仁公園,16,0,文山區,2023-05-08 21:10:08,24.99621,121.54043,羅斯福路六段142巷1號(旁),Wenshan Dist,YouBike2.0_Jingren Park,No. 1， Ln. 142， Sec. 6， Roosevelt Rd.,16,1,2023-05-08 21:49:29,2023-05-08 21:49:51,2023-05-08 21:10:08,2023-05-08
500105017,YouBike2.0_仙跡岩登山口(景興路),22,0,文山區,2023-05-08 20:50:09,24.99118,121.5436,景興街239號(前),Wenshan Dist,YouBike2.0_Xianjiyan Trailhead (Jingxing Rd.),No. 239， Jingxing Rd.,22,1,2023-05-08 21:49:29,2023-05-08 21:49:51,2023-05-08 20:50:09,2023-05-08
500105019,YouBike2.0_捷運動物園站,18,0,文山區,2023-05-08 21:30:21,24.99873,121.57985,新光路二段30號(對面),Wenshan Dist,YouBike2.0_MRT Taipei Zoo Sta.,No. 30， Sec. 2， Xinguang Rd. (Opposite),18,1,2023-05-08 21:49:29,2023-05-08 21:49:51,2023-05-08 21:30:21,2023-05-08
500105022,YouBike2.0_文山運動中心,20,0,文山區,2023-05-08 21:45:05,24.99676,121.5596,興隆路三段/興隆路三段192巷8弄,Wenshan Dist,YouBike2.0_Wen Shan Sports Center,Sec. 3， Xinglong Rd./Aly. 8， Ln. 192， Sec. 3， Xinglong Rd.,20,1,2023-05-08 21:49:29,2023-05-08 21:49:51,2023-05-08 21:45:05,2023-05-08
500105023,YouBike2.0_捷運辛亥站,29,0,文山區,2023-05-08 20:56:04,25.00467,121.55684,辛亥路四段114號(旁人行道),Wenshan Dist,YouBike2.0_MRT Xinhai Sta.,No. 114， Sec. 4， Xinhai Rd.,29,1,2023-05-08 21:49:29,2023-05-08 21:49:51,2023-05-08 20:56:04,2023-05-08
500105034,YouBike2.0_老泉街籃球場,14,0,文山區,2023-05-08 18:33:05,24.97619,121.5583,老泉街26巷老泉街口(籃球場前),Wenshan Dist,YouBike2.0_Laoquan St. Basketball Court,Ln. 26， Laoquan St. Intersection,14,1,2023-05-08 21:49:29,2023-05-08 21:49:51,2023-05-08 18:33:05,2023-05-08
500105048,YouBike2.0_捷運萬芳醫院站(興隆路三段115巷),20,0,文山區,2023-05-08 21:46:04,24.99939,121.55848,興隆路三段115巷2號,Wenshan Dist,YouBike2.0_MRT Wanfang Hospital Sta. (Ln. 115， Sec. 3， Xinglong Rd.),No. 2， Ln. 115， Sec. 3， Xinglong Rd.,20,1,2023-05-08 21:49:29,2023-05-08 21:49:51,2023-05-08 21:46:04,2023-05-08
500105071,YouBike2.0_景行公園,15,0,文山區,2023-05-08 21:43:04,24.99279,121.54255,景中街與景中街30巷口,Wenshan Dist,YouBike2.0_Jing Sing Park,Jingzhong St. & Ln. 30， Jingzhong St. Intersection,15,1,2023-05-08 21:49:29,2023-05-08 21:49:51,2023-05-08 21:43:04,2023-05-08
500105080,YouBike2.0_萬美萬安街口,16,0,文山區,2023-05-08 20:51:04,25.00223,121.57039,萬美街一段/萬安街口,Wenshan Dist,YouBike2.0_Wanmei St. & Wan'an St. Intersection,Sec. 1， Wanmei St. & Wan'an St. Intersection,16,1,2023-05-08 21:49:29,2023-05-08 21:49:51,2023-05-08 20:51:04,2023-05-08
500106004,YouBike2.0_捷運公館站(4號出口),12,0,中正區,2023-05-08 21:39:04,25.015069,121.533828,羅斯福路四段48號,Zhongzheng Dist,YouBike2.0_MRT Gongguan Sta. (Exit 4),No.48， Sec. 4， Roosevelt Rd.,12,1,2023-05-08 21:49:29,2023-05-08 21:49:51,2023-05-08 21:39:04,2023-05-08
500106015,YouBike2.0_捷運古亭站(8號出口),15,0,中正區,2023-05-08 21:38:04,25.02701,121.52164,和平西路一段13-1號前方,Zhongzheng Dist,YouBike2.0_MRT Guting Sta. (Exit 8),No. 13-1， Sec. 1， Heping W. Rd.,15,1,2023-05-08 21:49:29,2023-05-08 21:49:51,2023-05-08 21:38:04,2023-05-08
500106019,YouBike2.0_孫立人將軍官邸,23,0,中正區,2023-05-08 21:11:04,25.02933,121.51854,南昌路一段136號前,Zhongzheng Dist,YouBike2.0_Gen.Sun Li-Jen Residence,No. 136， Nanchang Rd.,23,1,2023-05-08 21:49:29,2023-05-08 21:49:51,2023-05-08 21:11:04,2023-05-08
500106022,YouBike2.0_捷運中正紀念堂站(3號出口),18,0,中正區,2023-05-08 21:44:04,25.03239,121.51866,金華街17號前方,Zhongzheng Dist,YouBike2.0_MRT C.K.S. Memorial Hall Sta. (Exit 3),No. 17， Jinhua St.,18,1,2023-05-08 21:49:29,2023-05-08 21:49:51,2023-05-08 21:44:04,2023-05-08
500106024,YouBike2.0_重慶南海路口西南側,16,0,中正區,2023-05-08 21:13:04,25.03124,121.51459,重慶南路二段與南海路口西南側,Zhongzheng Dist,YouBike2.0_Chongqing & Nanhai Rd. Intersection,Sec. 2， Chongqing S. Rd. & Nanhai Rd. Intersection (Southwest),16,1,2023-05-08 21:49:29,2023-05-08 21:49:51,2023-05-08 21:13:04,2023-05-08
500106038,YouBike2.0_南門國中,29,0,中正區,2023-05-08 21:30:21,25.03543,121.50834,廣州街8巷/廣州街口東南側,Zhongzheng Dist,YouBike2.0_Nan Men Junior High School,Ln. 8， Guangzhou St/Guangzhou St Intersection. (Southeast),29,1,2023-05-08 21:49:29,2023-05-08 21:49:51,2023-05-08 21:30:21,2023-05-08
500106040,YouBike2.0_介壽公園,23,0,中正區,2023-05-08 20:53:04,25.03907,121.5138,貴陽街懷寧街口(東北側),Zhongzheng Dist,YouBike2.0_Jieshou Park,Guiyang St & Huaining St Intersection (Northeast),23,1,2023-05-08 21:49:29,2023-05-08 21:49:51,2023-05-08 20:53:04,2023-05-08
500106041,YouBike2.0_中華貴陽街口,20,0,中正區,2023-05-08 21:15:04,25.03938,121.50772,貴陽街一段243之1號(前),Zhongzheng Dist,YouBike2.0_Zhonghua Rd & Guiyang St Intersection,No. 234-1， Sec. 1， Guiyang St.,20,1,2023-05-08 21:49:29,2023-05-08 21:49:51,2023-05-08 21:15:04,2023-05-08
500106042,YouBike2.0_華山文創園區,39,0,中正區,2023-05-08 21:49:04,25.04367,121.52849,忠孝東路二段41號,Zhongzheng Dist,YouBike2.0_Huashan 1914 Creative Park,No. 41， Sec. 2， Zhongxiao E. Rd.,39,1,2023-05-08 21:49:29,2023-05-08 21:49:51,2023-05-08 21:49:04,2023-05-08
500106043,YouBike2.0_捷運善導寺站(1號出口),33,0,中正區,2023-05-08 21:44:04,25.04527,121.5222,忠孝東路一段7號,Zhongzheng Dist,YouBike2.0_MRT Shandao Temple Sta (Exit 1),No. 7， Sec. 1， Zhongxiao E. Rd.,33,1,2023-05-08 21:49:29,2023-05-08 21:49:51,2023-05-08 21:44:04,2023-05-08
500106044,YouBike2.0_濟南紹興路口,39,0,中正區,2023-05-08 21:48:03,25.04193,121.52459,濟南紹興路口東南側,Zhongzheng Dist,YouBike2.0_Jinan Rd & Shaoxing S. St Intersection,Jinan Rd & Shaoxing S. St Intersection. (Southeast),39,1,2023-05-08 21:49:29,2023-05-08 21:49:51,2023-05-08 21:48:03,2023-05-08
500106047,YouBike2.0_中正運動中心,30,0,中正區,2023-05-08 21:16:04,25.03786,121.51985,信義路一段1號前,Zhongzheng Dist,YouBike2.0_Zhongzheng Sports Center,No. 1， Sec 1， Xinyi Rd.,30,1,2023-05-08 21:49:29,2023-05-08 21:49:51,2023-05-08 21:16:04,2023-05-08
500106048,YouBike2.0_信義杭州路口,47,0,中正區,2023-05-08 21:49:04,25.0357,121.5241,信義路一段21號前,Zhongzheng Dist,YouBike2.0_Sec 1， Xinyi Rd & Hangzhou S. Rd Intersection,No. 21， Sec 1， Xinyi Rd.,47,1,2023-05-08 21:49:29,2023-05-08 21:49:51,2023-05-08 21:49:04,2023-05-08
500106050,YouBike2.0_捷運小南門站(1號出口),46,0,中正區,2023-05-08 21:36:04,25.03648,121.50951,愛國西路/延平南路(西北側),Zhongzheng Dist,YouBike2.0_MRT Xiaonanmen Sta. (Exit 1),Aiguo E. Rd. & Yanping S. Rd Intersection (Northwest),46,1,2023-05-08 21:49:29,2023-05-08 21:49:51,2023-05-08 21:36:04,2023-05-08
500106051,YouBike2.0_延平南路133巷口,17,0,中正區,2023-05-08 21:40:10,25.03792,121.50846,延平南路162號對側,Zhongzheng Dist,YouBike2.0_Ln. 133， Yanping S. Rd Intersection,No.162， Yanping S. Rd. (Opposite),17,1,2023-05-08 21:49:29,2023-05-08 21:49:51,2023-05-08 21:40:10,2023-05-08
500106052,YouBike2.0_捷運西門站(2號出口),36,0,中正區,2023-05-08 21:38:04,25.0416,121.50842,中華路一段59號旁,Zhongzheng Dist,YouBike2.0_MRT Ximen Sta (Exit 2),No. 59， Sec. 1， Zhonghua Rd.,36,1,2023-05-08 21:49:29,2023-05-08 21:49:51,2023-05-08 21:38:04,2023-05-08
500106054,YouBike2.0_法務部,27,0,中正區,2023-05-08 20:54:05,25.03705,121.51249,重慶南路一段130號旁,Zhongzheng Dist,YouBike2.0_Agency Against Corruption,No. 130， Sec. 1， Chongqing S. Rd.,27,1,2023-05-08 21:49:29,2023-05-08 21:49:51,2023-05-08 20:54:05,2023-05-08
500106055,YouBike2.0_臺北市立大學(博愛校區),59,0,中正區,2023-05-08 21:21:05,25.03545,121.51327,愛國西路1號(前),Zhongzheng Dist,YouBike2.0_University of Taipei Boai Campus,No. 1， Aiguo W. Rd.,59,1,2023-05-08 21:49:29,2023-05-08 21:49:51,2023-05-08 21:21:05,2023-05-08
500106056,YouBike2.0_國家圖書館,36,0,中正區,2023-05-08 21:05:04,25.03763,121.51709,中山南路20號前,Zhongzheng Dist,YouBike2.0_National Central Library,No. 20， Zhongshan S. Rd.,36,1,2023-05-08 21:49:29,2023-05-08 21:49:51,2023-05-08 21:05:04,2023-05-08
500106059,YouBike2.0_中山堂,29,0,中正區,2023-05-08 21:10:08,25.04412,121.51025,武昌街一段與延平南路口,Zhongzheng Dist,YouBike2.0_Zhongshan Hall,Sec. 1， Wuchang St & Yanping South Rd Intersection.,29,1,2023-05-08 21:49:29,2023-05-08 21:49:51,2023-05-08 21:10:08,2023-05-08
500106062,YouBike2.0_捷運臺大醫院站(4號出口),60,0,中正區,2023-05-08 21:42:04,25.04297,121.51643,常德街1號(公園路側),Zhongzheng Dist,YouBike2.0_MRT NTU Hospital Sta. (Exit 4),No. 1， Changde St. (Gongyuan Rd),60,1,2023-05-08 21:49:29,2023-05-08 21:49:51,2023-05-08 21:42:04,2023-05-08
500106069,YouBike2.0_捷運忠孝新生站(2號出口),32,0,中正區,2023-05-08 21:38:04,25.04235,121.53222,忠孝東路二段132號(東側),Zhongzheng Dist,YouBike2.0_MRT Zhongxiao Xinsheng Sta.(Exit.2),No. 132， Sec. 2， Jhongsiao E. Rd. (East),32,1,2023-05-08 21:49:29,2023-05-08 21:49:51,2023-05-08 21:38:04,2023-05-08
500106070,YouBike2.0_光華商場,28,0,中正區,2023-05-08 21:39:04,25.04478,121.53274,新生北路一段/市民大道三段口(西側),Zhongzheng Dist,YouBike2.0_Guang Hua Computer Market,Sec. 1， Sinsheng N. Rd. & Sec. 3， Civic Blvd. Intersection (West),28,1,2023-05-08 21:49:29,2023-05-08 21:49:51,2023-05-08 21:39:04,2023-05-08
500106072,YouBike2.0_捷運中正紀念堂站(5號出口),29,0,中正區,2023-05-08 21:26:04,25.03526,121.5168,捷運中正紀念堂站(5號出口)西側,Zhongzheng Dist,YouBike2.0_MRT C.K.S Memorial Hall Sta.(Exit.5),MRT C.K.S Memorial Hall Sta. (Exit.5) (West),29,1,2023-05-08 21:49:29,2023-05-08 21:49:51,2023-05-08 21:26:04,2023-05-08
500106079,YouBike2.0_捷運中正紀念堂站(6號出口),17,0,中正區,2023-05-08 19:38:04,25.03615,121.5166,捷運中正紀念堂站(6號出口)北側,Zhongzheng Dist,YouBike2.0_MRT C.K.S Memorial Hall Sta.(Exit 6),MRT C.K.S Memorial Hall Sta.(Exit.6) (North),17,1,2023-05-08 21:49:29,2023-05-08 21:49:51,2023-05-08 19:38:04,2023-05-08
500106084,YouBike2.0_捷運西門站(5號出口),30,0,中正區,2023-05-08 21:32:04,25.04244,121.50864,捷運西門站(5號出口)南側,Zhongzheng Dist,YouBike2.0_MRT Ximen Sta. (Exit 5),MRT Ximen Sta. (Exit 5) (South),30,1,2023-05-08 21:49:29,2023-05-08 21:49:51,2023-05-08 21:32:04,2023-05-08
500106085,YouBike2.0_弘道國中,18,0,中正區,2023-05-08 19:10:11,25.03828,121.51524,公園路21號西北側,Zhongzheng Dist,YouBike2.0_Hondao Junior High School,No. 21， Gongyuan Rd. (Northwest),18,1,2023-05-08 21:49:29,2023-05-08 21:49:51,2023-05-08 19:10:11,2023-05-08
500106086,YouBike2.0_臺北市第一女子高級中學,17,0,中正區,2023-05-08 19:14:04,25.0385,121.51288,重慶南路一段165號旁,Zhongzheng Dist,YouBike2.0_Taipei First Girls High School,No. 165， Sec. 1， Chongqing S. Rd.,17,1,2023-05-08 21:49:29,2023-05-08 21:49:51,2023-05-08 19:14:04,2023-05-08
500106088,YouBike2.0_紹興徐州路口,18,0,中正區,2023-05-08 21:46:04,25.04051,121.52401,紹興南街/徐州路(東南側),Zhongzheng Dist,YouBike2.0_Shaoxing St. & Xuzhou Rd. Intersection,Shaoxing S. St. & Xuzhou Rd. Intersection (Southeast),18,1,2023-05-08 21:49:29,2023-05-08 21:49:51,2023-05-08 21:46:04,2023-05-08
500106091,YouBike2.0_仁愛林森路口,20,0,中正區,2023-05-08 21:38:04,25.03895,121.52233,仁愛路一段路口/林森南路(東北側),Zhongzheng Dist,YouBike2.0_Ren'ai Rd. & Linsen Rd. Intersection,Sec. 1， Ren'ai Rd. & Linsen S. Rd. Intersection (Northeast),20,1,2023-05-08 21:49:29,2023-05-08 21:49:51,2023-05-08 21:38:04,2023-05-08
500106092,YouBike2.0_捷運西門站(3號出口),36,0,中正區,2023-05-08 21:27:04,25.04178,121.50869,中華路一段/寶慶路(東南側),Zhongzheng Dist,YouBike2.0_MRT Ximen Sta. (Exit 3),Sec. 1， Zhonghua Rd. & Baoqing Rd. Intersection (Southeast),36,1,2023-05-08 21:49:29,2023-05-08 21:49:51,2023-05-08 21:27:04,2023-05-08
500106093,YouBike2.0_仁愛金山路口,9,0,中正區,2023-05-08 21:14:04,25.0384,121.52801,仁愛路二段31號前,Zhongzheng Dist,YouBike2.0_Ren'ai Rd. & Jinshan Rd. Intersection,No. 31， Sec. 2， Ren'ai Rd.,9,1,2023-05-08 21:49:29,2023-05-08 21:49:51,2023-05-08 21:14:04,2023-05-08
500106099,YouBike2.0_林森北平路口,20,0,中正區,2023-05-08 21:38:04,25.04659,121.52377,林森北路與北平東路口西北側,Zhongzheng Dist,YouBike2.0_Linsen Rd & Beiping Rd. Intersection,Linsen N. Rd & Beiping E. Rd. Intersection (Northwest),20,1,2023-05-08 21:49:29,2023-05-08 21:49:51,2023-05-08 21:38:04,2023-05-08
500106104,YouBike2.0_捷運臺大醫院站(1號出口),19,0,中正區,2023-05-08 21:14:04,25.04074,121.51586,公園路/常德街口(西側),Zhongzheng Dist,YouBike2.0_MRT NTU Hospital Sta. (Exit. 1),Gongyuan Rd. & Changde St. Intersection (West),19,1,2023-05-08 21:49:29,2023-05-08 21:49:51,2023-05-08 21:14:04,2023-05-08
500106106,YouBike2.0_林森濟南路口(東北側),15,0,中正區,2023-05-08 21:42:04,25.0425,121.5227,林森南路/濟南路一段口(東北側),Zhongzheng Dist,YouBike2.0_Linsen Rd. & Jinan Rd. Intersection (Northeast),Linsen S. Rd. & Sec. 1， Jinan Rd. Intersection (Northeast),15,1,2023-05-08 21:49:29,2023-05-08 21:49:51,2023-05-08 21:42:04,2023-05-08
500106107,YouBike2.0_仁愛紹興街口(南側),17,0,中正區,2023-05-08 20:14:04,25.03837,121.52345,仁愛路一段/紹興南街口(南側),Zhongzheng Dist,YouBike2.0_Ren'ai Rd. & Shaoxing St. Intersection (South),Sec. 1， Ren'ai Rd. & Shaoxing S. St. Intersection (South),17,1,2023-05-08 21:49:29,2023-05-08 21:49:51,2023-05-08 20:14:04,2023-05-08
500106110,YouBike2.0_捷運善導寺站(3號出口)(忠孝東路側),17,0,中正區,2023-05-08 21:40:10,25.04467,121.52357,忠孝東路一段/林森南路口,Zhongzheng Dist,YouBike2.0_MRT Shandao Temple Sta. (Exit 3) (Zhongxiao E. Rd.),Sec. 1， Zhongxiao E. Rd. & Linsen S. Rd. Intersection,17,1,2023-05-08 21:49:29,2023-05-08 21:49:51,2023-05-08 21:40:10,2023-05-08
500106111,YouBike2.0_國家音樂廳,22,0,中正區,2023-05-08 21:26:04,25.03788,121.51904,信義路一段(國家音樂廳西北側),Zhongzheng Dist,YouBike2.0_National Concert Hall,Sec. 1， Xinyi Rd. (National Concert Hall Northwest),22,1,2023-05-08 21:49:29,2023-05-08 21:49:51,2023-05-08 21:26:04,2023-05-08
500106118,YouBike2.0_捷運中正紀念堂站(2號出口),12,0,中正區,2023-05-08 21:26:04,25.03212,121.51861,羅斯福路一段10號前,Zhongzheng Dist,YouBike2.0_MRT C.K.S Memorial Hall Sta.(Exit 2),No. 10， Sec. 1， Roosevelt Rd.,12,1,2023-05-08 21:49:29,2023-05-08 21:49:51,2023-05-08 21:26:04,2023-05-08
500107002,YouBike2.0_圓山風景區,15,0,中山區,2023-05-08 21:37:04,25.07805,121.5295,北安路/北安路77巷口(西北側),Zhongshan Dist,YouBike2.0_Yuanshan Scenic Area,Bei'an Rd./Ln. 77， Bei'an Rd. Intersection,15,1,2023-05-08 21:49:29,2023-05-08 21:49:51,2023-05-08 21:37:04,2023-05-08
500107004,YouBike2.0_劍潭社區,13,0,中山區,2023-04-19 11:06:04,25.08524,121.53748,通北街146巷2弄2號(對面公園),Zhongshan Dist,YouBike2.0_Jiantan Community,No. 2， Aly. 2， Ln. 146， Tongbei St. (Opposite),13,0,2023-05-08 21:49:29,2023-05-08 21:49:51,2023-04-19 11:06:04,2023-04-19
500107006,YouBike2.0_樂群二明水路口,20,0,中山區,2023-05-08 21:41:04,25.08009,121.55226,樂群二路/明水路口(東北側),Zhongshan Dist,YouBike2.0_Lequn 2nd & Mingshui Rd. Intersection,Lequn 2nd/Mingshui Rd. Intersection,20,1,2023-05-08 21:49:29,2023-05-08 21:49:51,2023-05-08 21:41:04,2023-05-08
500107012,YouBike2.0_復興市民路口,45,0,中山區,2023-05-08 21:43:04,25.04585,121.54375,復興南路一段36-9號前人行道,Zhongshan Dist,YouBike2.0_Fuxing Rd. & Civic Blvd. Intersection,No. 36-9， Sec. 1， Fuxing S. Rd.,45,1,2023-05-08 21:49:29,2023-05-08 21:49:51,2023-05-08 21:43:04,2023-05-08
500107013,YouBike2.0_南京遼寧街口,34,0,中山區,2023-05-08 21:34:04,25.05176,121.54217,南京東路三段189號(對面),Zhongshan Dist,YouBike2.0_Nanjing Rd. & Liaoning St. Intersection,No. 189， Sec. 3， Nanjing E. Rd. (Opposite),34,1,2023-05-08 21:49:29,2023-05-08 21:49:51,2023-05-08 21:34:04,2023-05-08
500107014,YouBike2.0_伊通長安路口,21,0,中山區,2023-05-08 21:45:05,25.04833,121.53469,伊通街/長安東路二段(西南側路側),Zhongshan Dist,YouBike2.0_Yitong St. & Chang'an Rd. Intersection,Yitong St. & Sec. 2， Chang'an E Rd. Intersection (Southwest),21,1,2023-05-08 21:49:29,2023-05-08 21:49:51,2023-05-08 21:45:05,2023-05-08
500107022,YouBike2.0_民生建國路口,26,0,中山區,2023-05-08 21:29:04,25.05778,121.53692,民生東路三段 / 建國北路二段口,Zhongshan Dist,YouBike2.0_Minsheng Rd. & Jianguo Rd. Intersection,Sec. 3， Minsheng E Rd. & Sec. 2， Jianguo N Rd. Intersection,26,1,2023-05-08 21:49:29,2023-05-08 21:49:51,2023-05-08 21:29:04,2023-05-08
500107024,YouBike2.0_捷運中山國中站,62,0,中山區,2023-05-08 21:47:04,25.06106,121.54406,復興北路386號南側,Zhongshan Dist,YouBike2.0_MRT Zhongshan Junior High School Sta.,No. 386， Fuxing N Rd. (South),62,1,2023-05-08 21:49:29,2023-05-08 21:49:51,2023-05-08 21:47:04,2023-05-08
500107042,YouBike2.0_臺北市立美術館,24,0,中山區,2023-05-08 19:04:43,25.06987,121.52291,花博公園5號出入口旁,Zhongshan Dist,YouBike2.0_Taipei Fine Arts Museum,Taipei EXPO Park Yuanshan Gate 5,24,1,2023-05-08 21:49:29,2023-05-08 21:49:51,2023-05-08 19:04:43,2023-05-08
500107043,YouBike2.0_中山民族路口,16,0,中山區,2023-05-08 19:25:04,25.06816,121.52265,中山北路三段54號前,Zhongshan Dist,YouBike2.0_Zhongshan Rd. & Minzu Rd. Intersection,No. 54， Sec. 3， Zhongshan N. Rd.,16,1,2023-05-08 21:49:29,2023-05-08 21:49:51,2023-05-08 19:25:04,2023-05-08
500107046,YouBike2.0_仁德公園,18,0,中山區,2023-04-17 00:35:05,25.05337,121.5289,吉林路108巷與南京東路二段21巷口東南側,Zhongshan Dist,YouBike2.0_Rende Park,Ln. 108， Jilin Rd. & Ln.21 ， Sec. 2， Nanjing E. Rd. Intersection (Southeast),18,0,2023-05-08 21:49:29,2023-05-08 21:49:51,2023-04-17 00:35:05,2023-04-17
500107059,YouBike2.0_捷運中山站(2號出口),33,0,中山區,2023-05-08 21:46:04,25.05228,121.52176,南京西路4號前,Zhongshan Dist,YouBike2.0_MRT Zhongshan Sta. (Exit 2),No. 4， Nanjing W. Rd.,33,1,2023-05-08 21:49:29,2023-05-08 21:49:51,2023-05-08 21:46:04,2023-05-08
500107061,YouBike2.0_新生公園,16,0,中山區,2023-05-08 21:46:04,25.06839,121.53032,民族東路/吉林路口(西北側),Zhongshan Dist,YouBike2.0_Xinsheng Park,Minzu E. Rd & Jilin Rd. Intersection (Northwest),16,1,2023-05-08 21:49:29,2023-05-08 21:49:51,2023-05-08 21:46:04,2023-05-08
500107065,YouBike2.0_松江路77巷口,10,0,中山區,2023-05-08 19:41:04,25.04985,121.53312,松江路77巷口,Zhongshan Dist,YouBike2.0_Ln. 77， Songjiang Rd.,Ln. 77， Songjiang Rd.,10,1,2023-05-08 21:49:29,2023-05-08 21:49:51,2023-05-08 19:41:04,2023-05-08
500107069,YouBike2.0_中山農安街口,17,0,中山區,2023-05-08 21:47:04,25.0651,121.5224,中山北路三段25號前,Zhongshan Dist,YouBike2.0_Zhongshan Rd. & Nong'an St. Intersection,No. 25， Sec. 3， Zhongshan N. Rd.,17,1,2023-05-08 21:49:29,2023-05-08 21:49:51,2023-05-08 21:47:04,2023-05-08
500107075,YouBike2.0_國立臺北大學(臺北校區),38,0,中山區,2023-05-08 21:26:04,25.05794,121.54244,民生東路三段67號前,Zhongshan Dist,YouBike2.0_National Taipei University(Taipei Canpus),No. 67， Sec. 3， Minsheng E. Rd.,38,1,2023-05-08 21:49:29,2023-05-08 21:49:51,2023-05-08 21:26:04,2023-05-08
500107077,YouBike2.0_中山北路二段59巷口,12,0,中山區,2023-05-08 21:46:04,25.05606,121.5229,中山北路二段59之3號前,Zhongshan Dist,YouBike2.0_Ln. 59， Sec. 2， Zhongshan N. Rd.,No. 59-3， Sec. 2， Zhongshan N. Rd.,12,1,2023-05-08 21:49:29,2023-05-08 21:49:51,2023-05-08 21:46:04,2023-05-08
500107080,YouBike2.0_濱江街199巷口,15,0,中山區,2023-05-08 21:35:04,25.0734,121.53985,濱江街199巷(八號疏散門前),Zhongshan Dist,YouBike2.0_Ln. 199， Binjiang St.,Ln. 199， Binjiang St.,15,1,2023-05-08 21:49:29,2023-05-08 21:49:51,2023-05-08 21:35:04,2023-05-08
500107088,YouBike2.0_南京伊通街口,11,0,中山區,2023-05-08 21:40:10,25.05189,121.53517,南京東路二段178-1號,Zhongshan Dist,YouBike2.0_Nanjing Rd. & Yitong St. Intersection,No. 178-1， Sec. 2， Nanjing E. Rd.,11,1,2023-05-08 21:49:29,2023-05-08 21:49:51,2023-05-08 21:40:10,2023-05-08
500107090,YouBike2.0_撫順街41巷(崇德宮前),19,0,中山區,2023-05-08 21:27:04,25.06389,121.51916,撫順街41巷1-7號對側,Zhongshan Dist,YouBike2.0_Ln. 41， Fushun St. (Chongde Temple),No. 1-7， Ln. 41， Fushun St.,19,1,2023-05-08 21:49:29,2023-05-08 21:49:51,2023-05-08 21:27:04,2023-05-08
500107093,YouBike2.0_捷運松江南京站(4號出口),32,0,中山區,2023-05-08 21:47:04,25.0512,121.53312,松江路95-1至109號前方,Zhongshan Dist,YouBike2.0_MRT Songjiang Nanjing Sta. (Exit 4),No.109， Songjiang Rd.,32,1,2023-05-08 21:49:29,2023-05-08 21:49:51,2023-05-08 21:47:04,2023-05-08
500107097,YouBike2.0_松江民生路口,17,0,中山區,2023-05-08 21:21:05,25.05765,121.53299,松江路208號前,Zhongshan Dist,YouBike2.0_Songjiang Rd. & Minsheng Rd. Intersection,No. 208， Songjiang Rd.,17,1,2023-05-08 21:49:29,2023-05-08 21:49:51,2023-05-08 21:21:05,2023-05-08
500107098,YouBike2.0_松江路132巷口,14,0,中山區,2023-05-08 21:18:04,25.05277,121.53013,吉林路100號對側,Zhongshan Dist,YouBike2.0_Ln. 132， Songjiang Rd.,No. 100， Jilin Rd. (Opposite),14,1,2023-05-08 21:49:29,2023-05-08 21:49:51,2023-05-08 21:18:04,2023-05-08
500107100,YouBike2.0_長春一江街口,11,0,中山區,2023-05-08 21:30:21,25.05488,121.53142,長春路135號前,Zhongshan Dist,YouBike2.0_Changchun Rd. & Yijiang St. Intersection,No. 135， Changchun Rd.,11,1,2023-05-08 21:49:29,2023-05-08 21:49:51,2023-05-08 21:30:21,2023-05-08
500107101,YouBike2.0_捷運松江南京站(8號出口),20,0,中山區,2023-05-08 21:49:13,25.05215,121.53276,南京東路二段101號前,Zhongshan Dist,YouBike2.0_MRT Songjiang Nanjing Sta. (Exit 8),No. 101， Sec. 2， Nanjing E. Rd.,20,1,2023-05-08 21:49:29,2023-05-08 21:49:51,2023-05-08 21:49:13,2023-05-08
500107103,YouBike2.0_松江長春路口,16,0,中山區,2023-05-08 21:40:10,25.05499,121.53295,松江路158號前,Zhongshan Dist,YouBike2.0_Songjiang Rd. & Changchun Rd. Intersection,No. 158， Songjiang Rd.,16,1,2023-05-08 21:49:29,2023-05-08 21:49:51,2023-05-08 21:40:10,2023-05-08
500107105,YouBike2.0_民族玉門街口,20,0,中山區,2023-05-08 20:12:04,25.06873,121.52003,民族西路口與玉門街口東北側,Zhongshan Dist,YouBike2.0_Minzu Rd. & Yumen St. Intersection,Minzu W. Rd. & Yumen St. Intersection (Northeast),20,1,2023-05-08 21:49:29,2023-05-08 21:49:51,2023-05-08 20:12:04,2023-05-08
500107109,YouBike2.0_樂群二明水路口_1,20,0,中山區,2023-05-08 21:40:10,25.07983,121.55236,樂群二路 / 明水路口(東側),Zhongshan Dist,YouBike2.0_Lequn 2nd Rd. & Mingshui Rd. Intersection,Lequn 2nd Rd. & Mingshui Rd. Intersection (East),20,1,2023-05-08 21:49:29,2023-05-08 21:49:51,2023-05-08 21:40:10,2023-05-08
500107113,YouBike2.0_建國長春路口(北側),20,0,中山區,2023-05-08 21:21:05,25.05476,121.53693,建國北路/長春路口(北側),Zhongshan Dist,YouBike2.0_Jianguo Rd. & Changchun Rd. Intersection,Jianguo N. Rd. & Changchun Rd. Intersection (North),20,1,2023-05-08 21:49:29,2023-05-08 21:49:51,2023-05-08 21:21:05,2023-05-08
500107115,YouBike2.0_臺北市立美術館_1,18,0,中山區,2023-05-08 18:51:04,25.07063,121.52327,中山北路三段(花博流行館前),Zhongshan Dist,YouBike2.0_Taipei Fine Arts Museum_1,Sec. 3， Zhongshan N. Rd. (Pavilion of New Fashion),18,1,2023-05-08 21:49:29,2023-05-08 21:49:51,2023-05-08 18:51:04,2023-05-08
500107123,YouBike2.0_八德市場(北側),16,0,中山區,2023-05-08 20:21:07,25.04478,121.53661,建國南路一段/市民大道交叉口(北側),Zhongshan Dist,YouBike2.0_Bade Market (North),Sec. 1， Jianguo S. Rd. & Civic Blvd. Intersection (North),16,1,2023-05-08 21:49:29,2023-05-08 21:49:51,2023-05-08 20:21:07,2023-05-08
500107126,YouBike2.0_捷運南京復興站(8號出口),25,0,中山區,2023-05-08 21:40:10,25.05196,121.5433,南京東路三段221號前,Zhongshan Dist,YouBike2.0_MRT Nanjing Fuxing Sta. (Exit.8),No. 221， Sec. 3， Nanjing E. Rd.,25,1,2023-05-08 21:49:29,2023-05-08 21:49:51,2023-05-08 21:40:10,2023-05-08
500107132,YouBike2.0_捷運劍南路站(1號出口),17,0,中山區,2023-05-08 21:03:04,25.08573,121.55548,北安路811巷/821巷4弄口,Zhongshan Dist,YouBike2.0_MRT Jiannan Rd. Sta. (Exit. 1),Ln. 811， Bei'an Rd. & Aly. 4， Ln. 821， Bei'an Rd. Intersection,17,1,2023-05-08 21:49:29,2023-05-08 21:49:51,2023-05-08 21:03:04,2023-05-08
500107133,YouBike2.0_敬業三樂群三路口(西北側),16,0,中山區,2023-05-08 21:08:04,25.08272,121.55624,敬業三路/樂群三路口,Zhongshan Dist,YouBike2.0_Jingye 3rd Rd. & Lequn 3rd Rd. Intersection (Northwest),Jingye 3rd Rd. & Lequn 3rd Rd. Intersection,16,1,2023-05-08 21:49:29,2023-05-08 21:49:51,2023-05-08 21:08:04,2023-05-08
500107137,YouBike2.0_中山北路二段62巷口,12,0,中山區,2023-05-08 21:27:04,25.05676,121.52268,中山北路二段66號前,Zhongshan Dist,YouBike2.0_Ln. 62， Sec. 2， Zhongshan N. Rd.,No. 66， Sec. 2， Zhongshan N. Rd.,12,1,2023-05-08 21:49:29,2023-05-08 21:49:51,2023-05-08 21:27:04,2023-05-08
500107138,YouBike2.0_市民安東街口,20,0,中山區,2023-05-08 21:27:04,25.0448,121.54213,市民大道三段179號前,Zhongshan Dist,YouBike2.0_Civic Blvd. & Andong St. Intersection,No. 179， Sec. 3， Civic Blvd.,20,1,2023-05-08 21:49:29,2023-05-08 21:49:51,2023-05-08 21:27:04,2023-05-08
500108002,YouBike2.0_北勢湖環保公園,15,0,內湖區,2023-05-08 19:53:05,25.08378,121.56208,內湖路一段66-72號前方公園,Neihu Dist,YouBike2.0_Beishi Lake Environmental Park,No. 66-72， Sec. 1， Neihu Rd.,15,1,2023-05-08 21:49:29,2023-05-08 21:49:51,2023-05-08 19:53:05,2023-05-08
500108014,YouBike2.0_瑞光計程車服務站,20,0,內湖區,2023-05-08 20:39:04,25.0745,121.57389,港墘路221巷2號,Neihu Dist,YouBike2.0_Ruiguangjichengchefuwu Sta,No. 2， Ln. 221， Gangqian Rd.,20,1,2023-05-08 21:49:29,2023-05-08 21:49:51,2023-05-08 20:39:04,2023-05-08
500108021,YouBike2.0_捷運西湖站(2號出口),12,0,內湖區,2023-05-08 21:36:04,25.08205,121.56716,內湖路一段291號(對面),Neihu Dist,YouBike2.0_MRT Xihu Sta. (Exit 2),No. 291， Sec. 1， Neihu Rd. (Opposite),12,1,2023-05-08 21:49:29,2023-05-08 21:49:51,2023-05-08 21:36:04,2023-05-08
500108025,YouBike2.0_成功金龍路口,23,0,內湖區,2023-05-08 21:39:04,25.08436,121.59478,成功路四段188號,Neihu Dist,YouBike2.0_Chenggong Rd & Jinlong Rd Intersection,No. 188， Sec. 4， Chenggong Rd.,23,1,2023-05-08 21:49:29,2023-05-08 21:49:51,2023-05-08 21:39:04,2023-05-08
500108043,YouBike2.0_明美公園,18,0,內湖區,2023-05-08 20:56:04,25.06256,121.58607,石潭路27號南側,Neihu Dist,YouBike2.0_Mingmei Park,No. 27， Shitan Rd. (South),18,1,2023-05-08 21:49:29,2023-05-08 21:49:51,2023-05-08 20:56:04,2023-05-08
500108048,YouBike2.0_民權東路六段15巷,17,0,內湖區,2023-05-08 21:48:04,25.06853,121.57813,民權東路六段15巷29號,Neihu Dist,YouBike2.0_Ln. 15， Sec. 6， Minquan E. Rd.,No. 29， Ln. 15， Sec. 6， Minquan E. Rd.,17,1,2023-05-08 21:49:29,2023-05-08 21:49:51,2023-05-08 21:48:04,2023-05-08
500108067,YouBike2.0_安康公園,19,0,內湖區,2023-05-08 21:33:04,25.06657,121.6136,五分街14巷31號(對面),Neihu Dist,YouBike2.0_Ankang Park,No. 31， Ln. 14， Wufen St. (Opposite),19,1,2023-05-08 21:49:29,2023-05-08 21:49:51,2023-05-08 21:33:04,2023-05-08
500108072,YouBike2.0_石潭公園(安康路),20,0,內湖區,2023-05-08 21:21:05,25.06261,121.59334,安康路28號西北側,Neihu Dist,YouBike2.0_Shitan Park (Ankang Rd.),No. 28， Ankang Rd. (Northwest),20,1,2023-05-08 21:49:29,2023-05-08 21:49:51,2023-05-08 21:21:05,2023-05-08
500108081,YouBike2.0_東湖國小,22,0,內湖區,2023-05-08 21:45:05,25.06854,121.61532,東湖路與東湖路113巷口東側,Neihu Dist,YouBike2.0_Donghu Elementary School,Donghu Rd.& Ln. 113， Donghu Rd. Intersection (East),22,1,2023-05-08 21:49:29,2023-05-08 21:49:51,2023-05-08 21:45:05,2023-05-08
500108082,YouBike2.0_捷運內湖站(1號出口),28,0,內湖區,2023-05-08 21:37:04,25.08373,121.59406,成功路四段182巷/成功路四段口(西側),Neihu Dist,YouBike2.0_MRT Neihu Sta. (Exit.1),Ln. 182， Sec. 4， Chenggong Rd. & Sec. 4， Chenggong Rd. Intersection (West),28,1,2023-05-08 21:49:29,2023-05-08 21:49:51,2023-05-08 21:37:04,2023-05-08
500108084,YouBike2.0_瑞湖陽光街口,25,0,內湖區,2023-05-08 21:25:05,25.07296,121.57603,瑞湖街101號對側,Neihu Dist,YouBike2.0_Rueihu St. & Yangguang St. Intersection,No. 101， Rueihu St. (Opposite),25,1,2023-05-08 21:49:29,2023-05-08 21:49:51,2023-05-08 21:25:05,2023-05-08
500108090,YouBike2.0_堤頂大道新湖一路口,13,0,內湖區,2023-05-08 18:39:04,25.05892,121.57354,堤頂大道一段215號前,Neihu Dist,YouBike2.0_Tiding Blvd. & Xinhu 1st Rd. Intersection,No. 215， Sec. 1， Tiding Blvd.,13,1,2023-05-08 21:49:29,2023-05-08 21:49:51,2023-05-08 18:39:04,2023-05-08
500108091,YouBike2.0_下灣公園(成功路),16,0,內湖區,2023-05-08 21:21:05,25.06682,121.5907,成功路二段189號北側,Neihu Dist,YouBike2.0_Xiawan Park,No. 189， Sec. 2， Chenggong Rd. (North),16,1,2023-05-08 21:49:29,2023-05-08 21:49:51,2023-05-08 21:21:05,2023-05-08
500108093,YouBike2.0_新湖二路250巷口,20,0,內湖區,2023-05-08 20:39:04,25.06455,121.58262,新湖二路/新湖二路250巷(西南側),Neihu Dist,YouBike2.0_Ln. 250， Xinhu 2nd Rd.,Xinhu 2nd Rd. & Ln. 250， Xinhu 2nd Rd. Intersection (Southwest),20,1,2023-05-08 21:49:29,2023-05-08 21:49:51,2023-05-08 20:39:04,2023-05-08
500108099,YouBike2.0_九華公園,16,0,內湖區,2023-04-12 02:08:04,25.08844,121.56122,文湖街21巷68弄25-6號北側,Neihu Dist,YouBike2.0_Jiuhua Park,No. 25-6， Aly. 68， Ln. 21， Wenhu St. (North),16,0,2023-05-08 21:49:29,2023-05-08 21:49:51,2023-04-12 02:08:04,2023-04-12
500108109,YouBike2.0_瑞光路76巷口,12,0,內湖區,2023-05-08 18:09:04,25.07168,121.58125,瑞光路102號前,Neihu Dist,YouBike2.0_Ln. 76， Ruiguang Rd.,No. 102， Ruiguang Rd.,12,1,2023-05-08 21:49:29,2023-05-08 21:49:51,2023-05-08 18:09:04,2023-05-08
500108110,YouBike2.0_捷運東湖站,28,0,內湖區,2023-05-08 21:41:04,25.06664,121.61351,安康路315巷/五分街14巷(西側),Neihu Dist,YouBike2.0_MRT Donghu Sta.,Ln. 315， Ankang Rd. & Ln. 14， Wufen St. Intersection (West),28,1,2023-05-08 21:49:29,2023-05-08 21:49:51,2023-05-08 21:41:04,2023-05-08
500108116,YouBike2.0_宏匯瑞光廣場(瑞光路),16,0,內湖區,2023-05-08 21:45:05,25.07676,121.57433,瑞光路353號前(瑞光路側人行道),Neihu Dist,YouBike2.0_Honhui Ruiguang Plaza (Ruiguang Rd.),No. 353， Ruiguang Rd. (Ruiguang Rd.),16,1,2023-05-08 21:49:29,2023-05-08 21:49:51,2023-05-08 21:45:05,2023-05-08
500108117,YouBike2.0_宏匯瑞光廣場(港墘路),20,0,內湖區,2023-05-08 21:13:04,25.07777,121.57562,瑞光路355號前(港墘路側人行道),Neihu Dist,YouBike2.0_Honhui Ruiguang Plaza (Gangqian Rd.),No. 353， Ruiguang Rd. (Gangqian Rd.),20,1,2023-05-08 21:49:29,2023-05-08 21:49:51,2023-05-08 21:13:04,2023-05-08
500108122,YouBike2.0_陽光舊宗路口,20,0,內湖區,2023-05-08 20:14:04,25.07243,121.57416,陽光街/舊宗路二段,Neihu Dist,YouBike2.0_Yangguang St. & Jiuzong Rd. Intersection,Yangguang St. & Sec. 2， Jiuzong Rd. Intersection,20,1,2023-05-08 21:49:29,2023-05-08 21:49:51,2023-05-08 20:14:04,2023-05-08
500108128,YouBike2.0_捷運港墘站(1號出口),23,0,內湖區,2023-05-08 21:49:13,25.08004,121.57568,內湖路一段663號前,Neihu Dist,YouBike2.0_MRT Gangqian Sta. (Exit 1),No. 663， Sec. 1， Neihu Rd.,23,1,2023-05-08 21:49:29,2023-05-08 21:49:51,2023-05-08 21:49:13,2023-05-08
500108141,YouBike2.0_行善社會住宅,23,0,內湖區,2023-05-08 20:58:04,25.06126,121.58201,行愛路與新湖一路口西南側,Neihu Dist,YouBike2.0_Xingshan Social Housing,Xing'ai Rd. & Xinhu 1st Rd. Intersection (Southwest),23,1,2023-05-08 21:49:29,2023-05-08 21:49:51,2023-05-08 20:58:04,2023-05-08
500108143,YouBike2.0_堤頂大道二段407巷口,15,0,內湖區,2023-05-08 19:08:04,25.08019,121.56316,堤頂大道二段405號前,Neihu Dist,YouBike2.0_Ln. 407， Sec. 2， Tiding Blvd.,No. 405， Sec. 2， Tiding Blvd.,15,1,2023-05-08 21:49:29,2023-05-08 21:49:51,2023-05-08 19:08:04,2023-05-08
500108144,YouBike2.0_海德堡科技大樓,12,0,內湖區,2023-05-08 18:43:04,25.08156,121.56227,堤頂大道二段473號前,Neihu Dist,YouBike2.0_Heidelberg Science & Technology Building,No. 473， Sec. 2， Tiding Blvd.,12,1,2023-05-08 21:49:29,2023-05-08 21:49:51,2023-05-08 18:43:04,2023-05-08
500108145,YouBike2.0_致伸科技大樓,17,0,內湖區,2023-05-08 19:45:05,25.08067,121.5656,瑞光路669號旁,Neihu Dist,YouBike2.0_Primax Headquarters Building,No. 669， Ruiguang Rd.,17,1,2023-05-08 21:49:29,2023-05-08 21:49:51,2023-05-08 19:45:05,2023-05-08
500108146,YouBike2.0_內湖路一段288巷口,20,0,內湖區,2023-05-08 20:23:04,25.08202,121.56861,內湖路一段290號前,Neihu Dist,YouBike2.0_Ln. 288， Sec. 1， Neihu Rd.,No. 290， Sec. 1， Neihu Rd.,20,1,2023-05-08 21:49:29,2023-05-08 21:49:51,2023-05-08 20:23:04,2023-05-08
500108150,YouBike2.0_台灣世曦大樓,16,0,內湖區,2023-05-08 21:48:13,25.07345,121.57848,陽光街323號,Neihu Dist,YouBike2.0_CECI Engineering Consultants， Inc.,No. 323， Yangguang St.,16,1,2023-05-08 21:49:29,2023-05-08 21:49:51,2023-05-08 21:48:13,2023-05-08
500108152,YouBike2.0_瑞光路358巷口,14,0,內湖區,2023-05-08 19:04:04,25.07733,121.5727,瑞光路/瑞光路358巷,Neihu Dist,YouBike2.0_Ln. 358， Ruiguang Rd.,Ruiguang Rd. & Ln. 358， Ruiguang Rd. Intersection,14,1,2023-05-08 21:49:29,2023-05-08 21:49:51,2023-05-08 19:04:04,2023-05-08
500108153,YouBike2.0_大港墘公園(洲子街),18,0,內湖區,2023-05-08 20:06:04,25.07897,121.5737,洲子街/瑞光路393巷,Neihu Dist,YouBike2.0_Dagangqian Park (Zhouzi St.),Zhouzi St. & Ln. 393， Ruiguang Rd. Intersection,18,1,2023-05-08 21:49:29,2023-05-08 21:49:51,2023-05-08 20:06:04,2023-05-08
500108154,YouBike2.0_世紀經貿,16,0,內湖區,2023-05-08 21:32:04,25.08049,121.57361,內湖路一段396號,Neihu Dist,YouBike2.0_Century Trade Building,No. 396， Sec. 1， Neihu Rd.,16,1,2023-05-08 21:49:29,2023-05-08 21:49:51,2023-05-08 21:32:04,2023-05-08
500108157,YouBike2.0_新湖三行忠路72巷口,15,0,內湖區,2023-05-08 19:42:04,25.06605,121.58206,新湖三路/行忠路72巷,Neihu Dist,YouBike2.0_Xinhu 3rd Rd. & Ln. 146， Xinhu 2nd Rd. Intersection,No. 122、124， Xinhu 3rd Rd. (Opposite),15,1,2023-05-08 21:49:29,2023-05-08 21:49:51,2023-05-08 19:42:04,2023-05-08
500108160,YouBike2.0_新光基湖大樓,19,0,內湖區,2023-05-08 18:50:11,25.08152,121.56489,基湖路12號,Neihu Dist,YouBike2.0_Shinkong Jihu Building,No. 12， Jihu Rd.,19,1,2023-05-08 21:49:29,2023-05-08 21:49:51,2023-05-08 18:50:11,2023-05-08
500108164,YouBike2.0_達爾文大樓,15,0,內湖區,2023-05-08 21:24:04,25.07941,121.57277,洲子街61號,Neihu Dist,YouBike2.0_Darwin Building,No. 61， Zhouzi St.,15,1,2023-05-08 21:49:29,2023-05-08 21:49:51,2023-05-08 21:24:04,2023-05-08
500109012,YouBike2.0_捷運關渡站(2號出口),14,0,北投區,2023-05-08 20:29:04,25.12618,121.46737,捷運關渡站2號出口外人行道,Beitou Dist,YouBike2.0_MRT Guandu Sta. (Exit 2),Ln. 583， Sec. 4， Zhongyang N. Rd. Intersection,14,1,2023-05-08 21:49:29,2023-05-08 21:49:51,2023-05-08 20:29:04,2023-05-08
500109014,YouBike2.0_大度立德路口,18,0,北投區,2023-05-08 19:04:04,25.1231,121.47092,大度路三段立德路口(西北側),Beitou Dist,YouBike2.0_Dadu & Lide Rd. Intersection,Sec. 3， Dadu Rd. & Lide Rd. Intersection (Northwest),18,1,2023-05-08 21:49:29,2023-05-08 21:49:51,2023-05-08 19:04:04,2023-05-08
500109024,YouBike2.0_捷運北投站,30,0,北投區,2023-05-08 21:12:04,25.13187,121.499,光明路2巷3號(對面),Beitou Dist,YouBike2.0_MRT Beitou Station,No. 3， Ln. 2， Guangming Rd. (Opposite),30,1,2023-05-08 21:49:29,2023-05-08 21:49:51,2023-05-08 21:12:04,2023-05-08
500109030,YouBike2.0_北投奇岩長青樂活大樓,15,0,北投區,2023-05-08 21:44:04,25.12666,121.50373,三合街一段119號(前),Beitou Dist,YouBike2.0_Beitou Qiyan Elderly Service Center,No. 119， Sec. 1， Sanhe St.,15,1,2023-05-08 21:49:29,2023-05-08 21:49:51,2023-05-08 21:44:04,2023-05-08
500109031,YouBike2.0_捷運唭哩岸站(2號出口),54,0,北投區,2023-05-08 21:48:13,25.12087,121.50523,西安街二段345-349號(對面),Beitou Dist,YouBike2.0_MRT Qilian Sta. (Exit 2),No. 345， Sec. 2， Xi'an St. (Opposite),54,1,2023-05-08 21:49:29,2023-05-08 21:49:51,2023-05-08 21:48:13,2023-05-08
500109034,YouBike2.0_捷運石牌站(2號出口),56,0,北投區,2023-05-08 21:49:04,25.11451,121.51567,東華街一段526號(對面),Beitou Dist,YouBike2.0_MRT Shipai Sta. (Exit 2),No. 526， Sec. 1， Donghua St. (Opposite),56,1,2023-05-08 21:49:29,2023-05-08 21:49:51,2023-05-08 21:49:04,2023-05-08
500109035,YouBike2.0_台北護理大學,28,0,北投區,2023-05-08 21:48:13,25.11752,121.51662,石牌路二段100號(前),Beitou Dist,YouBike2.0_National Taipei University of Nursing and Health Sciences,No. 100， Sec. 2， Shipai Rd.,28,1,2023-05-08 21:49:29,2023-05-08 21:49:51,2023-05-08 21:48:13,2023-05-08
500109036,YouBike2.0_捷運石牌站(1號出口),20,0,北投區,2023-05-08 21:30:21,25.11593,121.51435,石牌路一段139號(對面),Beitou Dist,YouBike2.0_MRT Shipai Sta. (Exit 1),No. 319， Sec. 1， Shipai Rd. (Opposite),20,1,2023-05-08 21:49:29,2023-05-08 21:49:51,2023-05-08 21:30:21,2023-05-08
500109040,YouBike2.0_振興公園,13,0,北投區,2023-05-08 21:43:04,25.11865,121.5235,天母西路109號(對面),Beitou Dist,YouBike2.0_Zhenxing Park,No. 109， Tianmu W. Rd. (Opposite),13,1,2023-05-08 21:49:29,2023-05-08 21:49:51,2023-05-08 21:43:04,2023-05-08
500109045,YouBike2.0_中正高中,31,0,北投區,2023-05-08 20:46:04,25.10467,121.51654,文林北路77號(前),Beitou Dist,YouBike2.0_Zhongzheng Senior High School,No. 77， Wenlin N. Rd.,31,1,2023-05-08 21:49:29,2023-05-08 21:49:51,2023-05-08 20:46:04,2023-05-08
500109048,YouBike2.0_陽明交大圖書館,37,0,北投區,2023-05-08 21:21:05,25.12081,121.51352,陽明交大圖書館後方機車停車場,Beitou Dist,YouBike2.0_National Yang-Ming University Library,Parking lot at the back of the NYCU Library,37,1,2023-05-08 21:49:29,2023-05-08 21:49:51,2023-05-08 21:21:05,2023-05-08
500109064,YouBike2.0_臺北健康護理大學(教研大樓),15,0,北投區,2023-05-08 21:48:04,25.11857,121.51846,石牌路二段185號對側,Beitou Dist,YouBike2.0_NTUNHS,No. 185， Sec. 2， Shipai Rd. (Opposite),15,1,2023-05-08 21:49:29,2023-05-08 21:49:51,2023-05-08 21:48:04,2023-05-08
500109071,YouBike2.0_和信治癌中心醫院,18,0,北投區,2023-05-08 21:05:04,25.12757,121.47207,立德路125號,Beitou Dist,YouBike2.0_Koo Foundation Sun Yat-Sen Cancer Center,No. 125， Lide Rd.,18,1,2023-05-08 21:49:29,2023-05-08 21:49:51,2023-05-08 21:05:04,2023-05-08
500109076,YouBike2.0_石牌立農街口,29,0,北投區,2023-05-08 20:47:04,25.11879,121.51921,石牌路二段/立農街二段口,Beitou Dist,YouBike2.0_Shipai Rd. & Linong St. Intersection,Sec. 2， Shipai Rd. & Sec. 2， Linong St. Intersection,29,1,2023-05-08 21:49:29,2023-05-08 21:49:51,2023-05-08 20:47:04,2023-05-08
500109077,YouBike2.0_捷運唭哩岸站(1號出口),20,0,北投區,2023-05-08 21:47:04,25.12082,121.50727,捷運唭哩岸站一(東華) 公車亭對側人行道,Beitou Dist,YouBike2.0_MRT Qilian Sta. (Exit 1),Qilian Station 1(Donghua). (Opposite),20,1,2023-05-08 21:49:29,2023-05-08 21:49:51,2023-05-08 21:47:04,2023-05-08
500109080,YouBike2.0_福國承德路口,15,0,北投區,2023-05-08 20:57:04,25.10171,121.51263,承德路六段80號南側,Beitou Dist,YouBike2.0_Fuguo Rd. & Chengde Rd. Intersection,No. 80， Sec. 6， Chengde Rd.,15,1,2023-05-08 21:49:29,2023-05-08 21:49:51,2023-05-08 20:57:04,2023-05-08
500109081,YouBike2.0_捷運北投站(1號出口)(北投路側),31,0,北投區,2023-05-08 21:18:04,25.13201,121.49817,捷運北投站(1號出口)(北投路側),Beitou Dist,YouBike2.0_MRT Beitou Sta. (Exit 1) ( Beitou Rd.),MRT Beitou Sta. (Exit 1) ( Beitou Rd.),31,1,2023-05-08 21:49:29,2023-05-08 21:49:51,2023-05-08 21:18:04,2023-05-08
500109082,YouBike2.0_華固創富中心,15,0,北投區,2023-05-08 19:01:04,25.10392,121.51244,承德路六段120號(北側地下室車道旁),Beitou Dist,YouBike2.0_Innovation Fortune Center,No. 120， Sec. 6， Chengde Rd.,15,1,2023-05-08 21:49:29,2023-05-08 21:49:51,2023-05-08 19:01:04,2023-05-08
500110002,YouBike2.0_捷運松山站(4號出口),19,0,松山區,2023-05-08 21:49:13,25.04987,121.57785,八德路四段742號,Songshan Dist,YouBike2.0_MRT Songshan Sta. (Exit 4),No. 742， Sec. 4， Bade Rd.,18,1,2023-05-08 21:49:29,2023-05-08 21:49:51,2023-05-08 21:49:13,2023-05-08
500110009,YouBike2.0_捷運南京三民站(4號出口),13,0,松山區,2023-05-08 21:47:04,25.05152,121.5646,南京東路五段229號(前),Songshan Dist,YouBike2.0_MRT Nanjing Sanmin Sta. (Exit 4),No. 229， Sec. 5， Nanjing E. Rd.,13,1,2023-05-08 21:49:29,2023-05-08 21:49:51,2023-05-08 21:47:04,2023-05-08
500110015,YouBike2.0_松基公園,20,0,松山區,2023-05-08 21:47:04,25.0546,121.54486,長春路432號(對面),Songshan Dist,YouBike2.0_Song-Ji Park,No. 432， Changchun Rd. (Opposite),20,1,2023-05-08 21:49:29,2023-05-08 21:49:51,2023-05-08 21:47:04,2023-05-08
500110018,YouBike2.0_捷運小巨蛋站(2號出口),26,0,松山區,2023-05-08 21:04:04,25.05157,121.55118,南京東路四段6號(前),Songshan Dist,YouBike2.0_MRT Taipei Arena Sta. (Exit.2),No.6， Sec. 4， Nanjing E. Rd.,26,1,2023-05-08 21:49:29,2023-05-08 21:49:51,2023-05-08 21:04:04,2023-05-08
500110024,YouBike2.0_民生光復路口,31,0,松山區,2023-05-08 21:37:04,25.05834,121.55496,光復北路266號(前),Songshan Dist,YouBike2.0_Minsheng Rd. & Guangfu N. Rd. Intersection,No. 266， Guangfu N. Rd.,31,1,2023-05-08 21:49:29,2023-05-08 21:49:51,2023-05-08 21:37:04,2023-05-08
500110031,YouBike2.0_民權光復路口(東北側),24,0,松山區,2023-05-08 18:56:04,25.06206,121.55475,民權東路四段/光復北路(東北側),Songshan Dist,YouBike2.0_Minquan Rd. & Guangfu Rd. Intersection (Northeast),Sec. 4， Minquan E. Rd. & Guangfu N. Rd. Intersection (Northeast),24,1,2023-05-08 21:49:29,2023-05-08 21:49:51,2023-05-08 18:56:04,2023-05-08
500110037,YouBike2.0_南京光復路口,31,0,松山區,2023-05-08 21:40:10,25.05143,121.55716,南京東路四段186號前,Songshan Dist,YouBike2.0_Nanjing Rd. & Guangfu Rd. Intersection,No. 186， Sec. 4， Nanjing E. Rd.,31,1,2023-05-08 21:49:29,2023-05-08 21:49:51,2023-05-08 21:40:10,2023-05-08
500110043,YouBike2.0_捷運南京復興站(7號出口),15,0,松山區,2023-05-08 21:46:04,25.05278,121.54478,慶城街1號(東南側),Songshan Dist,YouBike2.0_MRT Nanjing Fuxing Sta.(Exit.7),No. 1， Qingcheng St. (Southeast),15,1,2023-05-08 21:49:29,2023-05-08 21:49:51,2023-05-08 21:46:04,2023-05-08
500110044,YouBike2.0_捷運南京復興站(5號出口),49,0,松山區,2023-05-08 21:40:10,25.05168,121.54506,南京東路三段262號,Songshan Dist,YouBike2.0_MRT Nanjing Fuxing Sta.(Exit.5),No. 262， Sec. 3， Nanjing E. Rd.,48,1,2023-05-08 21:49:29,2023-05-08 21:49:51,2023-05-08 21:40:10,2023-05-08
500110047,YouBike2.0_捷運小巨蛋站(5號出口),22,0,松山區,2023-05-08 21:33:04,25.05176,121.55352,南京東路四段75-1號前,Songshan Dist,YouBike2.0_MRT Taipei Arena Sta. (Exit.5),No. 75-1， Sec. 4， Nanjing E. Rd.,22,1,2023-05-08 21:49:29,2023-05-08 21:49:51,2023-05-08 21:33:04,2023-05-08
500110050,YouBike2.0_捷運松山站(2號出口),14,0,松山區,2023-05-08 20:52:04,25.05013,121.57635,八德路四段685號前,Songshan Dist,YouBike2.0_MRT Songshan Sta. (Exit 2),No. 685， Sec. 4， Bade Rd.,14,1,2023-05-08 21:49:29,2023-05-08 21:49:51,2023-05-08 20:52:04,2023-05-08
500110051,YouBike2.0_民權東路三段106巷口,22,0,松山區,2023-05-08 20:44:04,25.062,121.54472,民權東路三段102號前,Songshan Dist,YouBike2.0_Ln. 106， Sec. 3， Minquan E. Rd.,No. 102， Sec. 3， Minquan E. Rd.,22,1,2023-05-08 21:49:29,2023-05-08 21:49:51,2023-05-08 20:44:04,2023-05-08
500110052,YouBike2.0_南京東路五段59巷口,11,0,松山區,2023-05-08 21:35:05,25.05163,121.55907,南京東路五段57號(前),Songshan Dist,YouBike2.0_Ln. 59， Sec. 5， Nanjing E. Rd.,No. 57， Sec. 5， Nanjing E. Rd.,11,1,2023-05-08 21:49:29,2023-05-08 21:49:51,2023-05-08 21:35:05,2023-05-08
500110055,YouBike2.0_西松公園,11,0,松山區,2023-05-08 21:34:04,25.05406,121.56407,健康路/南京東路五段251巷50弄(西側),Songshan Dist,YouBike2.0_Xisong Park,Jiankang Rd. & Aly. 50， Ln. 251， Sec. 5， Nanjing E. Rd. Intersection (West),11,1,2023-05-08 21:49:29,2023-05-08 21:49:51,2023-05-08 21:34:04,2023-05-08
500110059,YouBike2.0_臺北田徑場(北寧路側),24,0,松山區,2023-05-08 21:41:04,25.04954,121.55261,八德路三段25號前,Songshan Dist,YouBike2.0_Taipei Stadium (Beining Rd.),No. 25， Sec. 3， Bade Rd.,24,1,2023-05-08 21:49:29,2023-05-08 21:49:51,2023-05-08 21:41:04,2023-05-08
500110063,YouBike2.0_介壽國中,12,0,松山區,2023-05-08 21:44:04,25.05722,121.55706,民生東路五段36巷/光復北路165巷,Songshan Dist,YouBike2.0_Jieshou Junior High School,Ln. 36， Sec. 5， Minsheng E. Rd. & Ln. 165， Guangfu N. Rd. Intersection,12,1,2023-05-08 21:49:29,2023-05-08 21:49:51,2023-05-08 21:44:04,2023-05-08
500110064,YouBike2.0_敦化南京路口(東北側),14,0,松山區,2023-05-08 21:40:10,25.05226,121.54926,敦化北路/南京東路四段,Songshan Dist,YouBike2.0_Dunhua Rd. & Nanjing Rd. Intersection (Northeast),Dunhua N. Rd. & Sec. 4， Nanjing E. Rd. Intersection,14,1,2023-05-08 21:49:29,2023-05-08 21:49:51,2023-05-08 21:40:10,2023-05-08
500110068,YouBike2.0_長春慶城街口,16,0,松山區,2023-05-08 20:52:04,25.05452,121.54636,長春路431號前,Songshan Dist,YouBike2.0_Changchun Rd. & Qingcheng St. Intersection,No. 431， Changchun Rd.,16,1,2023-05-08 21:49:29,2023-05-08 21:49:51,2023-05-08 20:52:04,2023-05-08
500110071,YouBike2.0_捷運小巨蛋站(3號出口),15,0,松山區,2023-05-08 21:47:04,25.05152,121.55243,南京東路四段12號前,Songshan Dist,YouBike2.0_MRT Taipei Arena Sta. (Exit.3),No. 12， Sec. 4， Nanjing E. Rd.,15,1,2023-05-08 21:49:29,2023-05-08 21:49:51,2023-05-08 21:47:04,2023-05-08
500110072,YouBike2.0_捷運小巨蛋站(5號出口)_1,20,0,松山區,2023-05-08 21:47:04,25.05181,121.5521,南京東路四段/健康路(西北側),Songshan Dist,YouBike2.0_MRT Taipei Arena Sta. (Exit.5)_1,Sec. 4， Nanjing E. Rd. & Jiankang Rd. Intersection (Northwest),19,1,2023-05-08 21:49:29,2023-05-08 21:49:51,2023-05-08 21:47:04,2023-05-08
500110074,YouBike2.0_民生復興路口,17,0,松山區,2023-05-08 21:47:04,25.05764,121.54443,民生東路三段/復興北路(東南側),Songshan Dist,YouBike2.0_Minsheng Rd. & Fuxing Rd. Intersection,Sec. 3， Minsheng E. Rd. & Fuxing N. Rd. Intersection (Southeast),17,1,2023-05-08 21:49:29,2023-05-08 21:49:51,2023-05-08 21:47:04,2023-05-08
500110078,YouBike2.0_捷運南京三民站(3號出口),29,0,松山區,2023-05-08 21:24:04,25.05129,121.56426,捷運南京三民站(3號出口),Songshan Dist,YouBike2.0_MRT Nanjing Sanmin Sta. (Exit 3),MRT Nanjing Sanmin Sta. (Exit 3),29,1,2023-05-08 21:49:29,2023-05-08 21:49:51,2023-05-08 21:24:04,2023-05-08
500110080,YouBike2.0_五常街370巷,12,0,松山區,2023-05-08 21:21:05,25.06432,121.54537,五常街370巷8號,Songshan Dist,YouBike2.0_Ln. 370， Wuchang St.,No. 8， Ln. 370， Wuchang St.,12,1,2023-05-08 21:49:29,2023-05-08 21:49:51,2023-05-08 21:21:05,2023-05-08
500111003,YouBike2.0_捷運昆陽站(1號出口),58,0,南港區,2023-05-08 21:37:05,25.05014,121.59238,忠孝東路六段403號,Nangang Dist,YouBike2.0_MRT Kunyang Sta. (Exit 1),No. 403， Sec. 6， Zhongxiao E. Rd.,58,1,2023-05-08 21:49:29,2023-05-08 21:49:51,2023-05-08 21:37:05,2023-05-08
500111026,YouBike2.0_捷運南港站(2號出口),14,0,南港區,2023-05-08 21:33:04,25.05201,121.60741,忠孝東路七段380號(2號出口),Nangang Dist,YouBike2.0_MRT Nangang Sta. (Exit 2),No. 380， Sec. 7， Zhongxiao E. Rd. (Exit 2),14,1,2023-05-08 21:49:29,2023-05-08 21:49:51,2023-05-08 21:33:04,2023-05-08
500111034,YouBike2.0_台北流行音樂中心(市民大道),21,0,南港區,2023-05-08 18:44:04,25.05211,121.59839,市民大道八段99號,Nangang Dist,YouBike2.0_Taipei Pop Music Center (Civic Blvd),No. 99， Sec. 8， Civic Blvd.,20,1,2023-05-08 21:49:29,2023-05-08 21:49:51,2023-05-08 18:44:04,2023-05-08
500111038,YouBike2.0_世貿公園,35,0,南港區,2023-05-08 21:47:04,25.05831,121.61422,經貿二路188-1號,Nangang Dist,YouBike2.0_World Trade Park,No. 188-1， Jingmao 2nd Rd.,35,1,2023-05-08 21:49:29,2023-05-08 21:49:51,2023-05-08 21:47:04,2023-05-08
500111040,YouBike2.0_新新公園(昆陽街60巷),20,0,南港區,2023-05-08 21:39:04,25.0521,121.59053,南港路三段47巷8號南側,Nangang Dist,YouBike2.0_Xinxin Park (Ln. 60， Kunyang St.),No. 8， Ln. 47， Sec. 3， Nangang Rd. (South),20,1,2023-05-08 21:49:29,2023-05-08 21:49:51,2023-05-08 21:39:04,2023-05-08
500111041,YouBike2.0_南港高中(昆陽街),14,0,南港區,2023-05-08 21:30:21,25.05285,121.59279,昆陽街58號東側,Nangang Dist,YouBike2.0_Nangang Senior High School (Kunyang St.),No. 58， Kunyang St. (East),14,1,2023-05-08 21:49:29,2023-05-08 21:49:51,2023-05-08 21:30:21,2023-05-08
500111046,YouBike2.0_捷運後山埤站(3號出口),12,0,南港區,2023-05-08 21:39:04,25.04511,121.5836,玉成街150號,Nangang Dist,YouBike2.0_MRT Houshanpi Sta. (Exit 3),No. 150， Yucheng St.,12,1,2023-05-08 21:49:29,2023-05-08 21:49:51,2023-05-08 21:39:04,2023-05-08
500111052,YouBike2.0_胡適公園,20,0,南港區,2023-05-08 18:36:04,25.04014,121.61766,研究院路二段/研究院路二段132巷北側,Nangang Dist,YouBike2.0_Dr.Hu Shih Park,No. 130， Sec. 2， Academia Rd. Intersection (East),20,1,2023-05-08 21:49:29,2023-05-08 21:49:51,2023-05-08 18:36:04,2023-05-08
500111055,YouBike2.0_育成高中,20,0,南港區,2023-05-08 18:11:04,25.05853,121.60983,惠民街71號西側,Nangang Dist,YouBike2.0_Yu Cheng Senior High School,No. 71， Huimin St. (West),20,1,2023-05-08 21:49:29,2023-05-08 21:49:51,2023-05-08 18:11:04,2023-05-08
500111056,YouBike2.0_捷運南港展覽館站(7號出口),20,0,南港區,2023-05-08 20:50:09,25.05436,121.6181,富康街1巷16弄2號東側,Nangang Dist,YouBike2.0_MRT Nangang Exhibition Center Sta. (Exit 7),No. 2， Aly. 16， Ln. 1， Fukang St. (East),20,1,2023-05-08 21:49:29,2023-05-08 21:49:51,2023-05-08 20:50:09,2023-05-08
500111061,YouBike2.0_捷運南港展覽館站(6號出口),25,0,南港區,2023-05-08 21:13:04,25.05465,121.6185,南港路一段28號旁,Nangang Dist,YouBike2.0_MRT Nangang Exhibition Center Sta. (Exit 6),No. 28， Sec. 1， Nangang Rd.,25,1,2023-05-08 21:49:29,2023-05-08 21:49:51,2023-05-08 21:13:04,2023-05-08
500111079,YouBike2.0_捷運昆陽站(4號出口),28,0,南港區,2023-05-08 21:42:05,25.05066,121.59431,忠孝東路六段465號,Nangang Dist,YouBike2.0_MRT Kunyang Sta. (Exit 4),No. 465， Sec. 6， Zhongxiao E. Rd.,28,1,2023-05-08 21:49:29,2023-05-08 21:49:51,2023-05-08 21:42:05,2023-05-08
500111081,YouBike2.0_中研院人文社會科學館,20,0,南港區,2023-05-08 20:41:04,25.04126,121.6118,研究院路二段128號(人文社會科學館),Nangang Dist,YouBike2.0_Humanities and Social Science Building,No. 128， Sec. 2， Academia Rd.,20,1,2023-05-08 21:49:29,2023-05-08 21:49:51,2023-05-08 20:41:04,2023-05-08
500112013,YouBike2.0_興雅國中,18,0,信義區,2023-05-08 19:37:04,25.03616,121.56983,松仁路101號東側,Xinyi Dist,YouBike2.0_Xingya Junior High School,No. 101， Songren Rd. (East),18,1,2023-05-08 21:49:29,2023-05-08 21:49:51,2023-05-08 19:37:04,2023-05-08
500112014,YouBike2.0_捷運象山站(1號出口),24,0,信義區,2023-05-08 21:13:04,25.03295,121.56867,信義路5段152號(1號出口),Xinyi Dist,YouBike2.0_MRT Xiangshan Sta. (Exit 1),No. 152， Sec. 5， Xinyi Rd. (Exit 1),24,1,2023-05-08 21:49:29,2023-05-08 21:49:51,2023-05-08 21:13:04,2023-05-08
500112016,YouBike2.0_中全公園,17,0,信義區,2023-05-08 21:49:04,25.0382,121.57495,虎林街164巷54號北側,Xinyi Dist,YouBike2.0_Zhongquan Park,No. 54， Ln. 164， Hulin St. (North),15,1,2023-05-08 21:49:29,2023-05-08 21:49:51,2023-05-08 21:49:04,2023-05-08
500112018,YouBike2.0_信義運動中心,33,0,信義區,2023-05-08 21:36:05,25.03189,121.56678,松勤街100號(前),Xinyi Dist,YouBike2.0_Taipei Xinyi Sports Center,No. 100， Songqin St.,33,1,2023-05-08 21:49:29,2023-05-08 21:49:51,2023-05-08 21:36:05,2023-05-08
500112019,YouBike2.0_捷運台北101/世貿站(3號出口),15,0,信義區,2023-05-08 21:43:04,25.03275,121.56337,信義路五段16號前,Xinyi Dist,YouBike2.0_MRT Taipei 101/World Trade Center Sta. (Exit 3),No. 16， Sec. 5， Xinyi Rd.,15,1,2023-05-08 21:49:29,2023-05-08 21:49:51,2023-05-08 21:43:04,2023-05-08
500112027,YouBike2.0_松山家商,25,0,信義區,2023-05-08 16:33:04,25.0347,121.58018,松山路655號(前),Xinyi Dist,YouBike2.0_Songshan High School of Commerce and Home Economics,No. 655， Songshan Rd.,25,1,2023-05-08 21:49:29,2023-05-08 21:49:51,2023-05-08 16:33:04,2023-05-08
500112029,YouBike2.0_臺北市政府,63,0,信義區,2023-05-08 21:45:05,25.03801,121.56541,台北市政府東門(松智路),Xinyi Dist,YouBike2.0_Taipei City Hall,Taipei City Hall East Gate. (Songzhi Rd),63,1,2023-05-08 21:49:29,2023-05-08 21:49:51,2023-05-08 21:45:05,2023-05-08
500112031,YouBike2.0_市府松壽路口,28,0,信義區,2023-05-08 20:12:04,25.03627,121.56383,市府路/松壽路(東北側),Xinyi Dist,YouBike2.0_Shifu Rd & Songshou Rd Intersection,Shifu Rd & Songshou Rd Intersection. (Northeast),28,1,2023-05-08 21:49:29,2023-05-08 21:49:51,2023-05-08 20:12:04,2023-05-08
500112035,YouBike2.0_信義廣場(台北101),96,0,信義區,2023-05-08 21:30:21,25.03306,121.5662,松智路/信義路(東北側),Xinyi Dist,YouBike2.0_Xinyi Plaza (Taipei 101),Songzhi Rd & Xinyi Rd Intersection. (Northeast),96,1,2023-05-08 21:49:29,2023-05-08 21:49:51,2023-05-08 21:30:21,2023-05-08
500112038,YouBike2.0_松仁路121巷口,31,0,信義區,2023-05-08 21:46:04,25.03476,121.56865,松仁路123號北側,Xinyi Dist,YouBike2.0_Ln. 121， Songren Rd Intersection,No. 123， Songren Rd. (North),31,1,2023-05-08 21:49:29,2023-05-08 21:49:51,2023-05-08 21:46:04,2023-05-08
500112042,YouBike2.0_松高路(信義新天地A4館),17,0,信義區,2023-05-08 21:41:05,25.03918,121.56654,松高路19號,Xinyi Dist,YouBike2.0_Songgao Rd. (Xinyi Place A4),No. 19， Songgao Rd.,17,1,2023-05-08 21:49:29,2023-05-08 21:49:51,2023-05-08 21:41:05,2023-05-08
500112043,YouBike2.0_興雅松仁路口,65,0,信義區,2023-05-08 21:38:04,25.0401,121.56822,松仁路28號北側,Xinyi Dist,YouBike2.0_Xingya Rd. & Songren Rd. Intersection,No. 28， Songren Rd. (North),65,1,2023-05-08 21:49:29,2023-05-08 21:49:51,2023-05-08 21:38:04,2023-05-08
500112056,YouBike2.0_基隆忠孝路口西南側,14,0,信義區,2023-05-08 21:41:05,25.04108,121.5629,忠孝東路四段550號,Xinyi Dist,YouBike2.0_Keelung Rd. & Zhongxiao Rd. Intersection (Southwest),No. 550， Sec. 4， Zhongxiao E. Rd.,14,1,2023-05-08 21:49:29,2023-05-08 21:49:51,2023-05-08 21:41:05,2023-05-08
500112058,YouBike2.0_捷運後山埤站(2號出口),22,0,信義區,2023-05-08 21:41:05,25.04395,121.58184,忠孝東路五段800號,Xinyi Dist,YouBike2.0_MRT Houshanpi Sta. (Exit 2),No. 800， Sec. 5， Zhongxiao E. Rd.,22,1,2023-05-08 21:49:29,2023-05-08 21:49:51,2023-05-08 21:41:05,2023-05-08
500112066,YouBike2.0_世貿三館,30,0,信義區,2023-05-08 21:30:21,25.03511,121.56369,市府路/松壽路口東南側,Xinyi Dist,YouBike2.0_TWTC Exhibition Hall 3,Shihfu Rd. & Songshou Rd. Intersection (Southeast),30,1,2023-05-08 21:49:29,2023-05-08 21:49:51,2023-05-08 21:30:21,2023-05-08
500112073,YouBike2.0_仁愛逸仙路口,28,0,信義區,2023-05-08 21:30:21,25.03771,121.56124,仁愛路四段/逸仙路口(西北側),Xinyi Dist,YouBike2.0_Ren'ai Rd. & Yisian Rd. Intersection,Sec. 4， Ren'ai Rd. & Yisian Rd. Intersection (Northwest),28,1,2023-05-08 21:49:29,2023-05-08 21:49:51,2023-05-08 21:30:21,2023-05-08
500112081,YouBike2.0_松仁路95巷口,60,0,信義區,2023-05-08 21:48:13,25.03656,121.56866,松仁路/松仁路95巷(東南側),Xinyi Dist,YouBike2.0_Ln. 95， Songren Rd.,Songren Rd. & Ln. 95， Songren Rd. Intersection (Southeast),60,1,2023-05-08 21:49:29,2023-05-08 21:49:51,2023-05-08 21:48:13,2023-05-08
500112082,YouBike2.0_臺北南山廣場_1,55,0,信義區,2023-05-08 21:46:04,25.03404,121.56598,松智路/松廉路(東北側),Xinyi Dist,YouBike2.0_Nan Shan Plaza_1,Songzhi Rd. & Songlian Rd. Intersection (Northeast),55,1,2023-05-08 21:49:29,2023-05-08 21:49:51,2023-05-08 21:46:04,2023-05-08
500112089,YouBike2.0_忠孝東路五段215巷口,24,0,信義區,2023-05-08 21:49:13,25.0409,121.5705,忠孝東路五段/忠孝東路五段215巷,Xinyi Dist,YouBike2.0_Ln. 215， Sec. 5， Zhongxiao E. Rd.,Sec. 5， Zhongxiao E. Rd. & Ln. 215， Sec. 5， Zhongxiao E. Rd. Intersection,24,1,2023-05-08 21:49:29,2023-05-08 21:49:51,2023-05-08 21:49:13,2023-05-08
500112090,YouBike2.0_松勤莊敬路口,15,0,信義區,2023-05-08 21:48:04,25.03203,121.5615,松勤街/莊敬路,Xinyi Dist,YouBike2.0_Songqin St. & Zhuangjing Rd. Intersection,Songqin St. & Zhuangjing Rd. Intersection,15,1,2023-05-08 21:49:29,2023-05-08 21:49:51,2023-05-08 21:48:04,2023-05-08
500113045,YouBike2.0_萬華火車站(D2廣場),17,0,萬華區,2023-05-08 21:44:04,25.03394,121.50117,康定路/康定路287巷(東南側),Wanhua Dist,YouBike2.0_Wanhua Train Sta. (D2 Plaza),Kangding Rd. & Ln. 287， Kangding Rd. Intersection,17,1,2023-05-08 21:49:29,2023-05-08 21:49:51,2023-05-08 21:44:04,2023-05-08
500113065,YouBike2.0_萬華國中_1,26,0,萬華區,2023-05-08 21:48:13,25.02926,121.49936,西藏路 / 莒光路299巷口(東南側),Wanhua Dist,YouBike2.0_Wanhuaguomin Junior High School,Xizang Rd. & Ln. 299， Juguang Rd. Intersection (Southeast),26,1,2023-05-08 21:49:29,2023-05-08 21:49:51,2023-05-08 21:48:13,2023-05-08
500119044,YouBike2.0_臺大禮賢樓東南側,23,0,臺大專區,2023-05-08 21:04:04,25.01408,121.53759,臺大仰萃樓東南側,NTU Dist,YouBike2.0_NTU Courtesy House(Southeast),NTU The Apex Building(Southeast),23,1,2023-05-08 21:49:29,2023-05-08 21:49:51,2023-05-08 21:04:04,2023-05-08
500119046,YouBike2.0_臺大管理學院二館北側,40,0,臺大專區,2023-05-08 21:48:04,25.01355,121.53673,管理學院二號館北側,NTU Dist,YouBike2.0_NTU Building 2， College of Management(North),NTU Building 2， College of Management(North),40,1,2023-05-08 21:49:29,2023-05-08 21:49:51,2023-05-08 21:48:04,2023-05-08
500119047,YouBike2.0_臺大土木系館,30,0,臺大專區,2023-05-08 19:59:04,25.01761,121.53844,臺大土木工程學系所南側,NTU Dist,YouBike2.0_NTU Dept. of Civil Engineering,NTU Dept. of Civil Engineering(South),30,1,2023-05-08 21:49:29,2023-05-08 21:49:51,2023-05-08 19:59:04,2023-05-08
500119050,YouBike2.0_臺大小福樓東側,31,0,臺大專區,2023-05-08 21:40:10,25.01846,121.5376,臺大小福樓東側,NTU Dist,YouBike2.0_NTU Xiao Fu Commissary(East),NTU Xiao Fu Commissary(East),31,1,2023-05-08 21:49:29,2023-05-08 21:49:51,2023-05-08 21:40:10,2023-05-08
500119051,YouBike2.0_臺大立體機車停車場,27,0,臺大專區,2023-05-08 19:45:05,25.01616,121.54251,基隆路三段/基隆路三段156巷口北側,NTU Dist,YouBike2.0_NTU Parking lot(Motorcycle),Ln. 156， Sec. 3， Keelung Rd. Intersection(North),27,1,2023-05-08 21:49:29,2023-05-08 21:49:51,2023-05-08 19:45:05,2023-05-08
500119052,YouBike2.0_臺大工綜館南側,26,0,臺大專區,2023-05-08 21:39:04,25.01857,121.54059,臺大工學院東南側,NTU Dist,YouBike2.0_NTU College of Engineering Building(South),NTU College of Engineering Building(Southeast),26,1,2023-05-08 21:49:29,2023-05-08 21:49:51,2023-05-08 21:39:04,2023-05-08
500119053,YouBike2.0_臺大天文數學館南側,19,0,臺大專區,2023-05-08 21:11:04,25.02108,121.53783,臺大天文數學館西南側,NTU Dist,YouBike2.0_NTU Astronomy - Mathematics Building(South),NTU Astronomy - Mathematics Building(Southwest),19,1,2023-05-08 21:49:29,2023-05-08 21:49:51,2023-05-08 21:11:04,2023-05-08
500119054,YouBike2.0_臺大心理系館南側,30,0,臺大專區,2023-05-08 21:32:04,25.01941,121.5404,臺大心理學系南側,NTU Dist,YouBike2.0_NTU Dept. of Psychology (South Hall),NTU Dept. of Psychology (South Hall),30,1,2023-05-08 21:49:29,2023-05-08 21:49:51,2023-05-08 21:32:04,2023-05-08
500119057,YouBike2.0_臺大五號館西側,20,0,臺大專區,2023-05-08 20:34:04,25.01666,121.53718,臺大生物系館西側,NTU Dist,YouBike2.0_NTU Building No.5(West),NTU Department of Bioenvironmental Systems Engineering(West),20,1,2023-05-08 21:49:29,2023-05-08 21:49:51,2023-05-08 20:34:04,2023-05-08
500119058,YouBike2.0_臺大舊體育館西側,33,0,臺大專區,2023-05-08 20:35:05,25.0198,121.53583,臺大田徑場東側,NTU Dist,YouBike2.0_NTU Gymnasium(West),NTU Sports Field(East),33,1,2023-05-08 21:49:29,2023-05-08 21:49:51,2023-05-08 20:35:05,2023-05-08
500119061,YouBike2.0_臺大鹿鳴堂東側,27,0,臺大專區,2023-05-08 20:47:04,25.01511,121.53786,臺大鹿鳴廣場人行道側,NTU Dist,YouBike2.0_NTU LuMing Hall(East),NTU Lu Ming Square(Sidewalk),27,1,2023-05-08 21:49:29,2023-05-08 21:49:51,2023-05-08 20:47:04,2023-05-08
500119062,YouBike2.0_臺大公館停車場西北側,12,0,臺大專區,2023-05-08 19:55:12,25.01345,121.53798,臺大公館停車場西北側,NTU Dist,YouBike2.0_NTU Gongguan Car Park (Northwest),NTU Gongguan Car Park (Northwest),12,1,2023-05-08 21:49:29,2023-05-08 21:49:51,2023-05-08 19:55:12,2023-05-08
500119066,YouBike2.0_臺大凝態館南側,20,0,臺大專區,2023-05-08 21:25:05,25.02157,121.53633,臺大物理系館南側,NTU Dist,YouBike2.0_NTU Center for Condensed Matter Sciences(South),NTU Dept. of Physics Library,20,1,2023-05-08 21:49:29,2023-05-08 21:49:51,2023-05-08 21:25:05,2023-05-08
500119067,YouBike2.0_臺大社科院西側,42,0,臺大專區,2023-05-08 21:49:13,25.02053,121.54145,臺大社科院西側,NTU Dist,YouBike2.0_NTU College of social Sciences Building(West),NTU College of social Sciences Building(West),42,1,2023-05-08 21:49:29,2023-05-08 21:49:51,2023-05-08 21:49:13,2023-05-08
500119068,YouBike2.0_臺大社會系館南側,39,0,臺大專區,2023-05-08 21:21:05,25.01987,121.54175,臺大社會及社工館南側,NTU Dist,YouBike2.0_NTU Department of Sociology(South),NTU Dept. of Sociology / Dept. of Social Work(South),39,1,2023-05-08 21:49:29,2023-05-08 21:49:51,2023-05-08 21:21:05,2023-05-08
500119069,YouBike2.0_臺大思亮館東南側,10,0,臺大專區,2023-05-08 17:30:47,25.02074,121.53906,臺大思亮館東南側,NTU Dist,YouBike2.0_NTU Shih - Liang Hall(Southeast),NTU Shih - Liang Hall(Southeast),10,1,2023-05-08 21:49:29,2023-05-08 21:49:51,2023-05-08 17:30:47,2023-05-08
500119071,YouBike2.0_臺大計資中心南側,34,0,臺大專區,2023-05-08 20:55:11,25.02036,121.53992,臺大計算機網路資訊中心南側,NTU Dist,YouBike2.0_NTU Computer and Information Networking Center(South),NTU Computer and Information Networking Center(South),34,1,2023-05-08 21:49:29,2023-05-08 21:49:51,2023-05-08 20:55:11,2023-05-08
500119072,YouBike2.0_臺大原分所北側,12,0,臺大專區,2023-05-08 18:59:04,25.01881,121.53868,臺大原子與分子科學研究所東北側,NTU Dist,YouBike2.0_NTU Institute of Atomic and Molecular Sciences(North),NTU Institute of Atomic and Molecular Sciences(Northeast),12,1,2023-05-08 21:49:29,2023-05-08 21:49:51,2023-05-08 18:59:04,2023-05-08
500119075,YouBike2.0_臺大第一活動中心西南側,40,0,臺大專區,2023-05-08 21:32:04,25.01761,121.53995,第一學生活動中心東南側,NTU Dist,YouBike2.0_NTU 1st Student Activity Center(Southwest),NTU 1st Student Activity Center(Southeast),40,1,2023-05-08 21:49:29,2023-05-08 21:49:51,2023-05-08 21:32:04,2023-05-08
500119077,YouBike2.0_臺大博雅館西側,56,0,臺大專區,2023-05-08 20:03:05,25.0189,121.536,臺大博雅館西側,NTU Dist,YouBike2.0_NTU Liberal Education Classroom Building(West),NTU Liberal Education Classroom Building(West),56,1,2023-05-08 21:49:29,2023-05-08 21:49:51,2023-05-08 20:03:05,2023-05-08
500119078,YouBike2.0_臺大森林館北側,10,0,臺大專區,2023-05-08 19:08:04,25.01704,121.53888,臺大森林系學系北側,NTU Dist,YouBike2.0_NTU Forestry Building(North),NTU Forestry Building(North),10,1,2023-05-08 21:49:29,2023-05-08 21:49:51,2023-05-08 19:08:04,2023-05-08
500119080,YouBike2.0_臺大小小福西南側,10,0,臺大專區,2023-05-08 18:48:04,25.01539,121.53686,臺大進修教育大樓,NTU Dist,YouBike2.0_NTU Xiao Xiao Fu Commissary(Southwest),NTU Omnium Gatherum Building,10,1,2023-05-08 21:49:29,2023-05-08 21:49:51,2023-05-08 18:48:04,2023-05-08
500119081,YouBike2.0_臺大教研館北側,11,0,臺大專區,2023-05-08 21:18:04,25.01337,121.53909,臺大雅頌廣場東南側,NTU Dist,YouBike2.0_NTU Teaching and Research Building(North),NTU The Odeum Square(Southeast),11,1,2023-05-08 21:49:29,2023-05-08 21:49:51,2023-05-08 21:18:04,2023-05-08
500119082,YouBike2.0_臺大四號館東北側,10,0,臺大專區,2023-05-08 16:34:04,25.01703,121.53781,臺大園藝暨景觀學系北側,NTU Dist,YouBike2.0_NTU Building No.4(Northeast),NTU Department of Horticulture(North),10,1,2023-05-08 21:49:29,2023-05-08 21:49:51,2023-05-08 16:34:04,2023-05-08
500119083,YouBike2.0_臺大新生教室南側,18,0,臺大專區,2023-05-08 21:25:05,25.0196,121.53846,臺大新生教學館南側,NTU Dist,YouBike2.0_NTU Freshman Classroom Building(South),NTU Freshman Classroom Building(South),18,1,2023-05-08 21:49:29,2023-05-08 21:49:51,2023-05-08 21:25:05,2023-05-08
500119084,YouBike2.0_臺大鄭江樓北側,10,0,臺大專區,2023-05-08 21:40:10,25.019,121.54305,臺大新聞研究所南側,NTU Dist,YouBike2.0_NTU Tseng Jiang Hall(North),NTU Graduate Institute of Journalism(South),10,1,2023-05-08 21:49:29,2023-05-08 21:49:51,2023-05-08 21:40:10,2023-05-08
500119085,YouBike2.0_臺大電機二館東南側,14,0,臺大專區,2023-05-08 19:30:36,25.01857,121.54247,臺大電機二館南側,NTU Dist,YouBike2.0_NTU E. E. Building No. 2(Southeast),NTU E. E. Building No. 2(Southeast),14,1,2023-05-08 21:49:29,2023-05-08 21:49:51,2023-05-08 19:30:36,2023-05-08
500119086,YouBike2.0_臺大圖資系館北側,25,0,臺大專區,2023-05-08 21:14:04,25.01804,121.53928,臺大圖書資訊館北側,NTU Dist,YouBike2.0_NTU Dept. of Library and Information Sciences(North),NTU Dept. of Library and Information Sciences(North),25,1,2023-05-08 21:49:29,2023-05-08 21:49:51,2023-05-08 21:14:04,2023-05-08
500119087,YouBike2.0_臺大總圖書館西南側,30,0,臺大專區,2023-05-08 21:34:04,25.0169,121.54031,臺大圖書館西南側,NTU Dist,YouBike2.0_NTU Main Library(Southwest),NTU Main Library(Southwest),30,1,2023-05-08 21:49:29,2023-05-08 21:49:51,2023-05-08 21:34:04,2023-05-08
500119088,YouBike2.0_臺大黑森林西側,20,0,臺大專區,2023-05-08 21:30:21,25.01995,121.54347,臺大霖澤館南側,NTU Dist,YouBike2.0_NTU Black Forest(West),NTU Tsai Lecture Hall(South),20,1,2023-05-08 21:49:29,2023-05-08 21:49:51,2023-05-08 21:30:21,2023-05-08
500119089,YouBike2.0_臺大獸醫館南側,24,0,臺大專區,2023-05-08 21:03:05,25.01791,121.54242,臺大獸醫系館南側,NTU Dist,YouBike2.0_NTU Dept. of Veterinary Medicine(South),NTU Dept. of Veterinary Medicine(South),24,1,2023-05-08 21:49:29,2023-05-08 21:49:51,2023-05-08 21:03:05,2023-05-08
500119090,YouBike2.0_臺大新體育館東南側,40,0,臺大專區,2023-05-08 21:33:05,25.02112,121.53591,臺大體育館東側,NTU Dist,YouBike2.0_NTU Sports Center(Southeast),NTU Sports Center(East),40,1,2023-05-08 21:49:29,2023-05-08 21:49:51,2023-05-08 21:33:05,2023-05-08
