資料更新時間,行政區,站點名稱,地址,總車輛數,可借,可還
2022-09-03 16:04:38,大安區,YouBike2.0_捷運科技大樓站,復興南路二段235號前,28,10,18
2022-09-03 16:02:11,大安區,YouBike2.0_復興南路二段273號前,復興南路二段273號西側,22,10,12
2022-09-03 14:15:05,大安區,YouBike2.0_國北教大實小東側門,和平東路二段96巷7號,16,0,16
2022-09-03 15:52:39,大安區,YouBike2.0_和平公園東側,和平東路二段118巷33號,11,1,10
2022-09-03 15:56:12,大安區,YouBike2.0_辛亥復興路口西北側,復興南路二段368號,16,9,7
2022-09-03 15:33:11,大安區,YouBike2.0_復興南路二段280號前,復興南路二段280號,11,4,7
2022-09-03 15:59:12,大安區,YouBike2.0_復興南路二段340巷口,復興南路二段342號,11,6,5
2022-09-03 14:46:13,大安區,YouBike2.0_新生南路三段52號前,新生南路三段52號,17,9,8
2022-09-03 15:37:38,大安區,YouBike2.0_新生南路三段66號前,新生南路三段66號東側,16,12,4
2022-09-03 15:28:38,大安區,YouBike2.0_新生南路三段82號前,新生南路三段82號,20,13,7
2022-09-03 13:25:04,大安區,YouBike2.0_辛亥路一段30號前,辛亥路一段30號,8,1,7
2022-09-03 16:06:12,大安區,YouBike2.0_和平復興路口西北側,復興南路二段236號,9,8,1
2022-09-03 15:48:11,大安區,YouBike2.0_羅斯福路三段311號前,羅斯福路三段311號,11,2,9
2022-09-03 16:04:12,大安區,YouBike2.0_大安運動中心停車場,敦南街76巷28號,14,4,10
2022-09-03 16:05:13,大安區,YouBike2.0_羅斯福路三段245號前,羅斯福路三段245號,8,2,6
2022-09-03 15:47:04,大安區,YouBike2.0_溫州公園,羅斯福路三段283巷11號,5,1,4
2022-09-03 15:34:03,大安區,YouBike2.0_和平臥龍街口,臥龍街1號,15,0,15
2022-09-03 14:30:25,大安區,YouBike2.0_溫州停車場,新生南路三段54巷/溫州街口,5,1,4
2022-09-03 15:53:39,大安區,YouBike2.0_銘傳國小側門,羅斯福路四段21號旁天橋下,7,5,2
2022-09-03 16:08:17,大安區,YouBike2.0_捷運公館站(2號出口),捷運公館站(2號出口)外側,99,26,9
2022-09-03 16:03:13,大安區,YouBike2.0_第二學生活動中心,羅斯福路四段107號(西南側),27,15,12
2022-09-03 16:06:39,大安區,YouBike2.0_臺灣科技大學正門,基隆路四段43號(臺灣科技大學正門旁小側門靠田徑場),30,6,24
2022-09-03 16:03:39,大安區,YouBike2.0_臺灣科技大學側門,基隆路四段73巷與基隆路口,75,16,51
2022-09-03 16:09:04,大安區,YouBike2.0_公館公園,羅斯福路四段113巷基隆路四段41巷口,15,1,14
2022-09-03 16:04:38,大安區,YouBike2.0_臺灣科技大學後門,基隆路四段41巷68弄臺科帆船大樓旁,39,13,26
2022-09-03 15:58:39,大安區,YouBike2.0_臺大醫學院附設癌醫中心,基隆路三段155巷57號西側,20,13,7
2022-09-03 14:34:37,大安區,YouBike2.0_臺大環研大樓,芳蘭路/基隆路三段155巷口,15,7,8
2022-09-03 15:56:38,大安區,YouBike2.0_臺大永齡生醫工程館,芳蘭路51號西北側,34,3,31
2022-09-03 16:08:17,大安區,YouBike2.0_臺大男七舍前,長興街/長興街80巷口西側,20,5,15
2022-09-03 16:08:45,大安區,YouBike2.0_臺大男一舍前,長興街50號西北側,61,4,57
2022-09-03 16:08:45,大安區,YouBike2.0_臺大男六舍前,大安區長興街31號,46,30,16
2022-09-03 16:00:26,大安區,YouBike2.0_臺大動物醫院前,基隆路三段155巷/基隆路四段口,18,1,17
2022-09-03 15:44:11,大安區,YouBike2.0_臺大土木研究大樓前,辛亥路三段188號,24,10,14
2022-09-03 15:34:12,大安區,YouBike2.0_臺大萬才館前,臺大萬才館北側,20,10,10
2022-09-03 16:09:04,大安區,YouBike2.0_臺大國青大樓宿舍前,辛亥路三段30號西北側,20,0,20
2022-09-03 15:59:38,大安區,YouBike2.0_臺大社科院圖書館前,辛亥路與復興南路口西南側,27,4,23
2022-09-03 16:00:35,大安區,YouBike2.0_臺大法人語言訓練中心前,臺大法人語言訓練中心北側,28,9,19
2022-09-03 15:55:38,大安區,YouBike2.0_臺大綜合體育館停車場前,臺大綜合體育館北側,25,23,2
2022-09-03 16:06:39,大安區,YouBike2.0_辛亥新生路口東南側,辛亥新生路口東南側,41,7,34
2022-09-03 16:08:17,大安區,YouBike2.0_基隆長興路口東側,基隆長興路口東側,15,4,11
2022-09-03 16:02:11,大安區,YouBike2.0_國北教大側門南側,敦南街51號,25,11,14
2022-09-03 15:31:39,大安區,YouBike2.0_和平實小東北側,敦南街73號,13,1,12
2022-09-03 15:32:12,大安區,YouBike2.0_大安區健康服務中心,辛亥路三段15號,15,11,4
2022-09-03 16:04:38,大安區,YouBike2.0_辛亥泰順街口,辛亥泰順街口東南側,20,8,12
2022-09-03 16:02:38,大安區,YouBike2.0_芳和國中,臥龍街170號(前),28,2,26
2022-09-03 15:31:12,大安區,YouBike2.0_臥龍樂業街口,臥龍街234-2號,36,5,31
2022-09-03 16:04:12,大安區,YouBike2.0_臥龍公園,辛亥路三段223號西側,14,8,6
2022-09-03 16:07:12,大安區,YouBike2.0_嘉興公園,樂業街101巷3號西北側,44,16,28
2022-09-03 15:56:12,大安區,YouBike2.0_捷運麟光站(2號出口),和平東路三段420號東北側,25,14,11
2022-09-03 16:07:12,大安區,YouBike2.0_捷運六張犁站,和平東路三段410號,30,16,14
2022-09-03 15:06:04,大安區,YouBike2.0_喬治工商,基隆路二段166號,26,0,26
2022-09-03 16:08:45,大安區,YouBike2.0_法治公園,通化街189號西側,15,9,6
2022-09-03 16:02:11,大安區,YouBike2.0_捷運臺電大樓站(2號出口),辛亥路一段/羅斯福路三段口北側(辛亥路側),15,7,8
2022-09-03 15:51:39,大安區,YouBike2.0_和平金山路口,和平東路一段/金山南路二段西南側,45,9,36
2022-09-03 15:54:04,大安區,YouBike2.0_和平龍泉街口,和平東路一段/龍泉街口西南側,41,1,40
2022-09-03 16:03:13,大安區,YouBike2.0_和平泰順街口,和平東路一段/泰順街口東南側,9,5,4
2022-09-03 16:07:12,大安區,YouBike2.0_臺灣師範大學(圖書館),和平東路一段129號前,33,8,25
2022-09-03 15:52:12,大安區,YouBike2.0_捷運古亭站(6號出口),羅斯福路二段41號前,60,1,59
2022-09-03 16:02:11,大安區,YouBike2.0_捷運古亭站(5號出口),和平東路一段19號前,14,10,4
2022-09-03 16:06:12,大安區,YouBike2.0_臺北市立圖書館(總館),建國南路二段/建國南路二段151巷(橋下空間),32,27,5
2022-09-03 16:07:12,大安區,YouBike2.0_新生和平路口東北側,新生南路二段與和平東路二段口東北側,35,17,18
2022-09-03 16:04:12,大安區,YouBike2.0_建國和平路口西北側,建國南路二段與和平東路二段口西北側,41,15,26
2022-09-03 16:00:35,大安區,YouBike2.0_金華公園,金華街249號對面,23,1,22
2022-09-03 15:42:12,大安區,YouBike2.0_捷運東門站(3號出口),信義路二段128號前,15,6,9
2022-09-03 15:45:13,大安區,YouBike2.0_金甌女中,信義路二段與杭州南路二段東南側,12,4,8
2022-09-03 16:07:43,大安區,YouBike2.0_金杭公園,愛國東路21巷與杭州南路二段25巷口東南側,20,9,11
2022-09-03 15:18:38,大安區,YouBike2.0_愛國金山路口,愛國東路與杭州南路二段口西南側,33,7,26
2022-09-03 11:53:04,大安區,YouBike2.0_敦化南路二段293巷口南側,敦化南路二段293巷口南側,14,0,14
2022-09-03 15:52:39,大安區,YouBike2.0_敦化基隆路口,敦化南路二段218號,29,5,24
2022-09-03 15:51:13,大安區,YouBike2.0_安和路二段181巷口,安和路二段185號,17,14,3
2022-09-03 16:05:13,大安區,YouBike2.0_臨江街夜市(通化街101巷口),通化街111號,30,20,10
2022-09-03 16:02:38,大安區,YouBike2.0_臨江街夜市(基隆路),基隆路二段108號,17,6,11
2022-09-03 15:35:38,大安區,YouBike2.0_台北科技大學億光大樓,忠孝東路三段81號,46,26,20
2022-09-03 16:06:12,大安區,YouBike2.0_新生南路一段119巷口,新生南路一段113號,33,11,22
2022-09-03 16:08:17,大安區,YouBike2.0_幸安國小(仁愛路),仁愛路三段22號,16,3,13
2022-09-03 15:17:37,大安區,YouBike2.0_民榮公園,建國南路一段304巷45號南側,15,6,9
2022-09-03 15:57:12,大安區,YouBike2.0_復興南路1段340巷口,復興南路一段信義路三段147巷45弄口,38,27,11
2022-09-03 16:01:12,大安區,YouBike2.0_建國濟南路口,建國南路一段/濟南路三段口(東南側),29,21,8
2022-09-03 15:55:38,大安區,YouBike2.0_捷運忠孝復興站(2號出口),復興南路一段/仁愛路三段123巷13弄(西北側),58,21,37
2022-09-03 16:08:17,大安區,YouBike2.0_捷運大安站(4號出口),信義路4段6號(前),13,5,8
2022-09-03 15:50:38,大安區,YouBike2.0_捷運大安站(2號出口),信義路3段143號(前),22,9,13
2022-09-03 15:41:13,大安區,YouBike2.0_信義大安路口(信維大樓),信義路四段74號(前),12,5,7
2022-09-03 16:07:12,大安區,YouBike2.0_龍門廣場,敦化南路一段與敦化南路一段236巷口,50,13,34
2022-09-03 16:00:35,大安區,YouBike2.0_仁愛安和路口,仁愛路四段258號前,20,15,5
2022-09-03 16:08:45,大安區,YouBike2.0_信義敦化路口,信義路四段155號前,42,34,8
2022-09-03 15:31:39,大安區,YouBike2.0_仁愛國中,安和路一段75號(對面),25,13,12
2022-09-03 16:04:12,大安區,YouBike2.0_捷運信義安和站(2號出口),信義路四段188號前,26,12,14
2022-09-03 14:59:04,大安區,YouBike2.0_八德市場,市民大道三段170號,30,0,30
2022-09-03 15:31:12,大安區,YouBike2.0_昌隆公園,市民大道三段206號西側,16,1,15
2022-09-03 16:07:43,大安區,YouBike2.0_捷運大安森林公園站(2號出口),捷運大安森林公園站(2號出口)西側,52,14,38
2022-09-03 15:53:12,大安區,YouBike2.0_信義延吉街口,信義路四段353號,15,10,5
2022-09-03 16:00:35,大安區,YouBike2.0_光信公園(光復南路456巷),延吉街249號,15,4,10
2022-09-03 15:08:12,大安區,YouBike2.0_僑安地下停車場(2號出口)東南側,光復南路290巷5號,20,5,15
2022-09-03 15:52:39,大安區,YouBike2.0_建國南路一段279巷口,建國南路一段275號,32,17,15
2022-09-03 15:53:12,大安區,YouBike2.0_捷運忠孝新生站(6號出口),新生南路一段101號,15,2,13
2022-09-03 15:52:12,大安區,YouBike2.0_大安高工,復興南路二段52號(前),23,18,5
2022-09-03 16:07:12,大安區,YouBike2.0_捷運忠孝新生站(3號出口),忠孝東路三段與10巷口,23,8,15
2022-09-03 15:57:38,大安區,YouBike2.0_瑠公公園,忠孝東路四段49巷4弄/大安路口,20,10,10
2022-09-03 15:37:11,大安區,YouBike2.0_敦化市民路口,敦化南路1段158號(前),25,14,11
2022-09-03 16:02:11,大安區,YouBike2.0_捷運大安森林公園站(5號出口),捷運大安森林公園站(5號出口)東側,15,5,10
2022-09-03 16:03:39,大安區,YouBike2.0_信義建國路口,建國南路二段與信義路三段口西南側,34,7,27
2022-09-03 16:05:13,大安區,YouBike2.0_東豐公園,東豐街24號(旁公園路側),19,10,9
2022-09-03 15:29:11,大安區,YouBike2.0_德安公園(四維路66巷),四維路66巷6號北側,14,10,4
2022-09-03 15:36:12,大安區,YouBike2.0_捷運忠孝復興站(5號出口),復興南路一段135巷3號(對面),41,27,14
2022-09-03 16:05:39,大安區,YouBike2.0_捷運忠孝敦化站(2號出口),忠孝東路四段221號,17,2,15
2022-09-03 16:04:12,大安區,YouBike2.0_捷運忠孝敦化站(7號出口),忠孝東路四段143號,18,5,13
2022-09-03 16:08:17,大安區,YouBike2.0_瑞安街208巷,瑞安街208巷39號對面,15,7,8
2022-09-03 15:33:11,大安區,YouBike2.0_樂利路21巷口,樂利路25號,17,7,10
2022-09-03 16:01:12,大安區,YouBike2.0_捷運科技大樓站(台北教育大學),和平東路二段134號前,20,17,3
2022-09-03 16:05:39,大安區,YouBike2.0_捷運國父紀念館站(2號出口),忠孝東路四段/光復南路口(西南側),31,17,13
2022-09-03 16:08:45,大安區,YouBike2.0_仁愛醫院,仁愛路四段/大安路一段口(西南側),20,4,16
2022-09-03 16:07:43,大安區,YouBike2.0_捷運信義安和站(4號出口),信義路四段252號前,18,11,5
2022-09-03 15:52:39,大安區,YouBike2.0_成功國宅,和平東路三段1巷/四維路198巷口(西北側),20,11,9
2022-09-03 15:57:04,大安區,YouBike2.0_仁愛延吉街口,仁愛路四段376號前,17,0,17
2022-09-03 16:04:38,大安區,YouBike2.0_捷運信義安和站(1號出口),信義路四段225號前,23,6,17
2022-09-03 16:09:04,大安區,YouBike2.0_敦化南路二段103巷口,敦化南路二段99號前,12,1,11
2022-09-03 15:38:12,大安區,YouBike2.0_復興南路二段128巷口,復興南路二段142之1號前,24,14,10
2022-09-03 15:40:38,大安區,YouBike2.0_和平東建國南路口,和平東路/建國南路口(北側),17,10,7
2022-09-03 15:32:42,大安區,YouBike2.0_芳蘭山莊,基隆路三段155巷148號,16,2,14
2022-09-03 16:04:12,大安區,YouBike2.0_復興南路一段126巷口,復興南路一段126巷1號前,15,10,5
2022-09-03 16:04:38,大安區,YouBike2.0_捷運東門站(5號出口),信義路二段178號前,28,2,26
2022-09-03 15:20:39,大安區,YouBike2.0_仁愛路四段48巷口,仁愛路四段48巷/東豐街(北側),11,9,2
2022-09-03 16:08:45,大安區,YouBike2.0_臺北科技大學(電機工程系),忠孝東路三段100號對側,16,3,13
2022-09-03 16:01:12,大安區,YouBike2.0_忠孝東路三段217巷口,忠孝東路三段229-1號前,34,16,18
2022-09-03 16:05:13,大安區,YouBike2.0_新生南路三段94巷口,新生南路三段94號前,15,6,9
2022-09-03 15:57:12,大安區,YouBike2.0_辛亥新生路口西北側,辛亥路一段/新生南路三段(西北側),12,10,2
2022-09-03 16:07:12,大安區,YouBike2.0_捷運大安站(6號出口),復興南路一段303號前,19,9,10
2022-09-03 15:39:11,大安區,YouBike2.0_臥龍街195巷口,臥龍街/臥龍街195巷(南側),14,12,2
2022-09-03 14:47:03,大安區,YouBike2.0_辛亥路三段157巷口,辛亥路三段與辛亥路三段157巷口西北側,19,0,19
2022-09-03 15:55:19,大安區,YouBike2.0_臥龍基隆路口,臥龍街與基隆路二段口東北側,16,3,13
2022-09-03 15:49:11,大安區,YouBike2.0_敦親公園,和平東路二段96巷8之1號(前方),16,11,5
2022-09-03 16:07:43,大安區,YouBike2.0_大安運動中心,辛亥路三段55號前方人行道(大安運動中心),18,8,10
2022-09-03 15:56:38,大安區,YouBike2.0_和平敦化路口,和平東路三段 / 敦化南路二段口(東側),22,1,21
2022-09-03 16:05:39,大安區,YouBike2.0_基隆長興路口,基隆路/長興街(東南側),43,1,42
2022-09-03 16:06:39,大安區,YouBike2.0_仁愛路四段122巷口,仁愛路四段118號前,16,2,14
2022-09-03 14:31:12,大安區,YouBike2.0_市民敦化路口,敦化南路一段111號前,15,8,7
2022-09-03 15:43:12,大安區,YouBike2.0_忠孝東路四段49巷口,忠孝東路四段55號前,15,12,3
2022-09-03 13:38:12,大安區,YouBike2.0_市民復興路口(東南側),市民大道四段/復興路一段口(東南側),16,6,10
2022-09-03 15:59:38,大安區,YouBike2.0_和平新生路口西南側,新生南路三段2號前,13,10,3
2022-09-03 15:13:11,大安區,YouBike2.0_全安公園,安和路二段227巷16號對側,16,7,9
2022-09-03 16:06:39,大安區,YouBike2.0_信義路三段134巷口,信義路三段/信義路三段134巷口,19,9,10
2022-09-03 16:06:12,大安區,YouBike2.0_仁愛敦南圓環(東南側),仁愛路四段110號前,16,4,12
2022-09-03 15:30:26,大安區,YouBike2.0_臺北遠企購物中心,敦化南路二段201號前,33,7,26
2022-09-03 15:22:11,大安區,YouBike2.0_外交部外交及國際事務學院,敦化南路一段280號,17,6,11
2022-09-03 13:40:38,大安區,YouBike2.0_四維路170巷口,敦化南路二段92號對側中央分隔島,22,17,5
2022-09-03 16:05:39,大安區,YouBike2.0_捷運大安站(3號出口),信義路三段184號前,28,6,22
2022-09-03 16:06:12,大安區,YouBike2.0_捷運臺電大樓站(2號出口)_1,羅斯福路三段201號旁,15,7,8
2022-09-03 16:04:12,大安區,YouBike2.0_信義路四段199巷,信義路四段199巷/安和路一段90巷口,15,3,12
2022-09-03 15:14:38,大安區,YouBike2.0_臺大資訊大樓,辛亥路二段(臺大外語學院外),40,3,37
2022-09-03 15:27:12,大同區,YouBike2.0_延平國宅,延平北路五段1-1號(對面),30,16,14
2022-09-03 16:01:12,大同區,YouBike2.0_臺北市立圖書館大同分館,重慶北路三段318號旁,20,12,8
2022-09-03 16:04:12,大同區,YouBike2.0_合昌宮,環河北路二段371號旁,15,3,11
2022-09-03 16:08:45,大同區,YouBike2.0_民族延平路口,延平北路三段123號北側,19,10,9
2022-09-03 15:37:11,大同區,YouBike2.0_重慶酒泉街口,重慶北路三段260號前,26,12,14
2022-09-03 14:59:12,大同區,YouBike2.0_樹德公園,大龍街85巷12號對側,14,8,5
2022-09-03 15:41:13,大同區,YouBike2.0_陳天來故居,西寧北路112號前方,18,11,7
2022-09-03 15:59:12,大同區,YouBike2.0_臺北孔廟,哈密街61號口對側人行道,27,15,12
2022-09-03 16:05:13,大同區,YouBike2.0_捷運圓山站(1號出口),酒泉街235號前,44,8,36
2022-09-03 15:05:38,大同區,YouBike2.0_酒泉延平路口,酒泉街235號前,26,11,15
2022-09-03 16:07:12,大同區,YouBike2.0_重慶國中,敦煌路19號前,37,12,25
2022-09-03 10:34:38,大同區,YouBike2.0_重慶北路三段383巷口,敦煌路與重慶北路三段383巷口,15,8,6
2022-09-03 14:59:12,大同區,YouBike2.0_台北數位產業園區,承德路三段287號前方,24,18,6
2022-09-03 15:10:19,大同區,YouBike2.0_民權延平路口(西北側),民權西路239號前方,20,9,11
2022-09-03 15:17:38,大同區,YouBike2.0_民權迪化街口,民權西路與迪化街一段口(橋墩下),23,11,12
2022-09-03 15:27:38,大同區,YouBike2.0_大稻埕公園,安西街1巷7號(對側),19,8,11
2022-09-03 15:46:12,大同區,YouBike2.0_大龍老人住宅,民族西路82號前方,14,7,7
2022-09-03 14:32:03,大同區,YouBike2.0_大龍峒社會住宅,承德路三段210號旁,20,6,14
2022-09-03 15:42:39,大同區,YouBike2.0_捷運大橋頭站(2號出口),捷運大橋頭站(2號出口)西側,47,11,36
2022-09-03 15:37:11,大同區,YouBike2.0_捷運大橋頭站(1A出口),民權西路237號旁,18,4,14
2022-09-03 15:38:04,大同區,YouBike2.0_捷運民權西路站(2號出口),捷運民權西路站(2號出口)西側,25,0,25
2022-09-03 16:04:12,大同區,YouBike2.0_捷運雙連站(2號出口),萬全街22號對面,31,8,23
2022-09-03 16:05:39,大同區,YouBike2.0_捷運北門站(3號出口),塔城街與鄭州路口西南側,48,23,25
2022-09-03 15:38:38,大同區,YouBike2.0_朝陽公園,重慶北路二段62-1號旁,10,6,4
2022-09-03 16:08:17,大同區,YouBike2.0_永樂市場,南京西路233巷103號旁,14,2,12
2022-09-03 15:24:38,大同區,YouBike2.0_大龍公園,大龍街217號對側,18,1,17
2022-09-03 14:58:38,大同區,YouBike2.0_重慶涼州街口,重慶北路二段180號旁,13,2,11
2022-09-03 15:42:12,大同區,YouBike2.0_圓環站,重慶北路一段128號前,21,8,13
2022-09-03 16:02:38,大同區,YouBike2.0_重慶民族路口,重慶北路三段162號前,13,5,8
2022-09-03 15:00:29,大同區,YouBike2.0_承德路三段8巷口,承德路三段14號前,10,5,5
2022-09-03 15:29:11,大同區,YouBike2.0_太原廣場,鄭州路23號(旁),31,20,11
2022-09-03 16:06:39,大同區,YouBike2.0_國順公園,昌吉街117號前,20,7,12
2022-09-03 15:26:12,大同區,YouBike2.0_聯合醫院中興院區,長安西路299號(對面),23,2,21
2022-09-03 15:40:19,大同區,YouBike2.0_蔣渭水紀念公園,錦西街/興城街口(西南側),24,8,16
2022-09-03 13:51:12,大同區,YouBike2.0_迪化休閒運動公園,延平北路四段200號(南側),15,10,5
2022-09-03 16:02:11,大同區,YouBike2.0_大同運動中心,大龍街51號(旁),16,7,9
2022-09-03 15:52:12,大同區,YouBike2.0_重慶保安街口(家樂福重慶店),重慶北路二段171號(旁),20,6,14
2022-09-02 09:54:04,大同區,YouBike2.0_大稻埕碼頭,大稻埕疏散門(淡五號水門)外,35,0,35
2022-09-03 15:48:38,大同區,YouBike2.0_歸綏戲曲公園,重慶北路二段/歸綏街口(南側),20,13,7
2022-09-03 15:09:12,大同區,YouBike2.0_民權國中(民權西路),民權西路/蘭州街(西側),17,4,13
2022-09-03 15:22:38,大同區,YouBike2.0_承德民權路口,承德路二段239號前,17,10,7
2022-09-03 16:07:12,大同區,YouBike2.0_南京太原路口,南京西路/太原路(東側),18,11,7
2022-09-03 16:07:04,大同區,YouBike2.0_承德民生西路口,承德路二段137號前,11,0,11
2022-09-03 15:48:11,大同區,YouBike2.0_太原五原路口,太原路 / 五原路口(東南側),20,14,6
2022-09-03 15:43:12,大同區,YouBike2.0_臺北轉運站(華陰街),華陰街45號(對面),20,14,6
2022-09-03 16:01:12,大同區,YouBike2.0_捷運民權西路站(3號出口),民權西路70巷37號對面,26,3,23
2022-09-03 16:00:35,大同區,YouBike2.0_捷運中山站(5號出口),南京西路57號前,11,4,7
2022-09-03 14:41:12,大同區,YouBike2.0_重慶長安路口,長安西路244號(重慶路側),15,4,11
2022-09-03 16:08:45,大同區,YouBike2.0_承德昌吉街口,承德路三段83號前,18,7,11
2022-09-03 15:54:38,大同區,YouBike2.0_大同16號廣場,環河北路一段/民生西路口(東南側),14,13,1
2022-09-03 15:38:38,大同區,YouBike2.0_捷運圓山站(2號出口),承德路三段/庫倫街(東南側),31,19,12
2022-09-03 15:36:39,大同區,YouBike2.0_樹德公園_1,大龍街/大龍街85巷(東北側),21,11,10
2022-09-03 15:13:38,大同區,YouBike2.0_承德鄭州路口(市民高架下),承德路一段/鄭州路口(市民高架下),38,3,35
2022-09-03 15:36:12,士林區,YouBike2.0_劍潭抽水站,通河東街325巷/通河東街口,17,2,14
2022-09-03 15:09:12,士林區,YouBike2.0_通河東街大南路口,通河東街1段192號(旁),15,10,5
2022-09-03 14:58:38,士林區,YouBike2.0_福港街停車場,華齡街175號(旁),22,4,17
2022-09-03 15:57:38,士林區,YouBike2.0_百齡國小,前港街104號(對面),37,15,22
2022-09-03 16:04:48,士林區,YouBike2.0_雨聲街165巷口,雨聲街/雨聲街165巷(西北側),15,4,11
2022-09-03 13:23:38,士林區,YouBike2.0_天和公園,天母東路69巷30號(前方路側),13,4,8
2022-09-03 15:54:39,士林區,YouBike2.0_中山天母路口,天母西路3-55號前人行道,29,15,11
2022-09-03 15:20:39,士林區,YouBike2.0_天母運動公園,忠誠路二段/忠誠路二段207巷(東南側),27,4,23
2022-09-03 15:27:12,士林區,YouBike2.0_臺北市立大學(天母校區),士東路276號至280號對面人行道,20,6,14
2022-09-03 15:55:10,士林區,YouBike2.0_忠誠路二段53巷,忠誠路2段53巷7號(對面),18,18,0
2022-09-03 14:08:12,士林區,YouBike2.0_天母棒球場,忠誠路二段122號(對面),26,11,15
2022-09-03 12:14:39,士林區,YouBike2.0_天母北天玉街口,天母北路33號(前),15,3,12
2022-09-03 15:49:11,士林區,YouBike2.0_蘭興公園,中山北路六段/士東路(西北側),44,34,3
2022-09-03 14:07:12,士林區,YouBike2.0_明勝公園,承德路4段6巷71號(對面),14,5,8
2022-09-03 16:06:13,士林區,YouBike2.0_劍潭海外青年活動中心,中山北路4段/通河街口,23,3,20
2022-09-03 14:11:39,士林區,YouBike2.0_忠誠路一段173巷口,忠誠路一段177號(前),11,4,6
2022-09-03 15:36:39,士林區,YouBike2.0_雨農國小,忠誠路一段127號(前),32,23,9
2022-09-03 15:41:13,士林區,YouBike2.0_忠誠公園,忠誠路一段18號(對面),14,8,6
2022-09-03 15:40:20,士林區,YouBike2.0_芝山抽水站,至誠路二段47-49號(前),21,15,6
2022-09-03 13:50:39,士林區,YouBike2.0_至誠路一段305巷口,至誠路一段303號(對面),21,6,15
2022-09-03 15:51:39,士林區,YouBike2.0_華齡公園,劍潭路76號(對面),18,13,5
2022-09-03 16:02:11,士林區,YouBike2.0_前港公園(福德宮),後港街134巷/後港街口,18,15,3
2022-09-03 15:50:20,士林區,YouBike2.0_華齡街185巷口,華齡街188號(前),12,9,2
2022-09-03 15:46:48,士林區,YouBike2.0_前港公園(前港街),前港街48號(對面),19,18,1
2022-09-03 16:08:17,士林區,YouBike2.0_百齡高中,承德路四段179巷/承德路4段口,15,0,15
2022-09-03 15:45:38,士林區,YouBike2.0_捷運芝山站(2號出口),福華路151號(對面),21,8,13
2022-09-03 14:57:38,士林區,YouBike2.0_臺灣戲曲中心,文林路751號(南側),14,7,7
2022-09-03 15:29:38,士林區,YouBike2.0_捷運劍潭站(2號出口),基河路18號(對面),63,33,30
2022-09-03 15:42:12,士林區,YouBike2.0_劍潭基河路口,劍潭路基河路口(捷運站橋下空間),20,11,9
2022-09-03 15:45:38,士林區,YouBike2.0_志成公園,中正路/雨農路口(西北側),23,7,16
2022-09-03 14:18:39,士林區,YouBike2.0_福林國小,福志路50號(對面),14,3,11
2022-09-03 15:54:13,士林區,YouBike2.0_中山中正路口,中山北路五段609號(前),19,6,13
2022-09-03 16:01:39,士林區,YouBike2.0_士林運動中心,士商路1號(前),27,13,14
2022-09-03 15:40:20,士林區,YouBike2.0_陽明高中,中正路510號(前),36,8,28
2022-09-03 15:26:12,士林區,YouBike2.0_兒童新樂園,承德路五段55號(旁公車亭),23,9,14
2022-09-03 14:56:12,士林區,YouBike2.0_臺北市立天文館,基河路363號(前),31,18,13
2022-09-03 15:39:12,士林區,YouBike2.0_華聲公園,華聲街17號(南側路側),27,12,14
2022-09-03 14:35:12,士林區,YouBike2.0_福林公園,福林路/中山北路五段(東北側),17,5,12
2022-09-03 15:20:39,士林區,YouBike2.0_捷運士林站(2號出口),中山北路五段505巷44弄2號(對面),30,6,24
2022-09-03 14:35:38,士林區,YouBike2.0_銘傳大學,中山北路五段250號(銘傳大學對側),30,5,25
2022-09-03 15:49:11,士林區,YouBike2.0_士林高商,士商路150號(校門旁),26,12,14
2022-09-03 15:05:38,士林區,YouBike2.0_蘭雅公園,忠誠路二段/忠誠路二段40巷(西南側),29,10,19
2022-09-03 13:06:41,士林區,YouBike2.0_聯合醫院陽明院區,雨聲街105號(南側),15,7,8
2022-09-03 15:45:13,士林區,YouBike2.0_捷運芝山站(1號出口),福華路114號(對面),36,18,18
2022-09-03 15:08:48,士林區,YouBike2.0_至誠公園,至誠路一段80號(對面),15,6,9
2022-09-03 15:50:38,士林區,YouBike2.0_原住民文化主題公園,至善路二段280號(對面),21,8,13
2022-09-03 15:43:38,士林區,YouBike2.0_通河東街2段10巷口,通河東街2段5號(對面),15,7,8
2022-09-03 12:33:38,士林區,YouBike2.0_梅林新村,至善路一段/至善路一段138巷(北側),15,6,9
2022-09-03 15:36:12,士林區,YouBike2.0_延平北中正路口,中正路613號(對面),30,10,20
2022-09-03 11:09:12,士林區,YouBike2.0_重慶北路四段190巷口,重慶北路四段198號(前),13,8,5
2022-09-03 12:58:12,士林區,YouBike2.0_重慶北葫東街口,重慶北路四段177號(前),15,9,6
2022-09-03 13:43:12,士林區,YouBike2.0_葫蘆國小,環河北路三段/葫蘆街(東北側),20,10,10
2022-09-03 16:07:43,士林區,YouBike2.0_士林3號廣場,中山北路六段81號(旁),30,24,6
2022-09-03 12:06:13,士林區,YouBike2.0_社正公園,社中街39號(對面),15,7,8
2022-09-03 12:02:40,士林區,YouBike2.0_社子國小,社中街476號(對面),15,8,7
2022-09-02 19:52:38,士林區,YouBike2.0_社中街384巷口,通河西街二段194號(對面),18,5,13
2022-09-03 15:06:13,士林區,YouBike2.0_忠誠路一段138號,忠誠路一段138號(斜前方),15,6,6
2022-09-03 14:39:38,士林區,YouBike2.0_社子公園,永平街20巷37弄/永平街20巷11弄(社子公園南側),14,9,4
2022-09-03 09:28:12,士林區,YouBike2.0_國立故宮博物院,力行街8號(對面),17,6,11
2022-09-03 15:40:38,士林區,YouBike2.0_泰北高中,福林路240號(前),12,7,5
2022-09-03 14:52:11,士林區,YouBike2.0_後港公園,通河東街二段26號(旁公園),15,7,8
2022-09-03 13:36:39,士林區,YouBike2.0_重慶北路四段117號,重慶北路四段117號(前),18,11,7
2022-09-03 14:03:12,士林區,YouBike2.0_社子島島頭公園,延平北路九段323號(後方堤外),15,7,8
2022-09-03 07:30:23,士林區,YouBike2.0_延平北路八段133巷口,延平北路八段133巷42號(對面),15,9,6
2022-09-03 07:11:12,士林區,YouBike2.0_坤天亭,延平北路八段96巷15號(前),14,4,9
2022-09-03 08:09:37,士林區,YouBike2.0_社子島濕地解說小築,社子島濕地解說小築,15,5,10
2022-09-02 00:17:37,士林區,YouBike2.0_福安國中,延平北路七段250號(前),11,3,8
2022-09-03 16:03:13,士林區,YouBike2.0_福安消防分隊,延平北路七段42之7號(對面),15,6,9
2022-09-03 16:01:39,士林區,YouBike2.0_聖山綠地,忠義街94號(旁),15,3,8
2022-09-03 14:54:13,士林區,YouBike2.0_芝山國小,德行東路285號(德行東路283巷側人行道),14,9,5
2022-09-03 13:43:39,士林區,YouBike2.0_士林新天地,大南路325號前方,19,9,10
2022-09-03 15:18:12,士林區,YouBike2.0_蘭雅國小,礦溪街與中山北路六段195巷口,27,20,7
2022-09-03 15:03:38,士林區,YouBike2.0_中正基河路口,中正路420號前,28,24,4
2022-09-03 14:53:12,士林區,YouBike2.0_福林公園(中正路),中正路/志成街口(南側),27,10,17
2022-09-03 14:11:39,士林區,YouBike2.0_至善臨溪路口,至善路一段/臨溪路(西南側),22,12,10
2022-09-03 15:54:04,士林區,YouBike2.0_市立圖書館葫蘆堵分館,延平北路五段136巷1號前,13,0,13
2022-09-03 15:47:38,士林區,YouBike2.0_東山路110巷口,東山路114號對側,16,12,4
2022-09-03 15:25:38,士林區,YouBike2.0_永平社會住宅,環河北路三段261巷2號,15,5,9
2022-09-03 13:50:39,士林區,YouBike2.0_雨農橋,福志路14巷42號(對面),16,7,8
2022-09-03 15:55:38,士林區,YouBike2.0_通河街76巷/承德路四段10巷口,承德路四段10巷37號(旁),14,8,3
2022-09-03 13:56:39,士林區,YouBike2.0_芝山聖佑宮,雨聲街90號旁,15,9,6
2022-09-03 14:51:39,士林區,YouBike2.0_至誠雨聲街口,至誠路二段與雨聲街口東北側,10,4,6
2022-09-03 15:48:38,士林區,YouBike2.0_捷運線型公園(後街),後街15號旁,13,8,5
2022-09-03 13:43:12,士林區,YouBike2.0_天母公園,中山北路七段141巷30號對側,12,8,4
2022-09-03 14:09:12,士林區,YouBike2.0_基河文林路口,基河路3-1號對側人行道,16,1,15
2022-09-03 15:21:13,士林區,YouBike2.0_文林福華路口,文林路 / 福華路口(東側),19,15,4
2022-09-03 15:08:12,士林區,YouBike2.0_劍潭海外青年活動中心_1,通河街 / 通河街2巷(南側),10,9,1
2022-09-03 13:17:38,士林區,YouBike2.0_社子國小_1,延平北路六段/社中街(社子國小對面跨提便道橋下),20,11,9
2022-09-03 14:53:12,士林區,YouBike2.0_捷運劍潭站(1號出口),捷運劍潭站(1號出口)北側,70,40,30
2022-09-03 14:30:25,士林區,YouBike2.0_德行東山路口,德行東路/東山路(西北側),12,10,2
2022-09-03 12:26:13,士林區,YouBike2.0_重慶北通河西街口,重慶北路四段276號(前),12,7,4
2022-09-03 11:03:39,士林區,YouBike2.0_葫蘆國小(延平北路五段285巷),環河北路三段/延平北路五段285巷,15,5,10
2022-09-03 10:22:12,士林區,YouBike2.0_社子市場,延平北路六段67號旁,15,5,10
2022-09-03 10:46:38,士林區,YouBike2.0_士林區農會社子分部,社子街162號旁,15,2,13
2022-09-03 16:08:17,士林區,YouBike2.0_承德劍潭路口,承德路四段與劍潭路口西側,20,13,7
2022-09-03 14:51:12,士林區,YouBike2.0_文林路101巷口,文林路100號前,12,3,9
2022-09-03 10:03:12,士林區,YouBike2.0_延平北路五段257巷15弄口,葫蘆街184號對側,13,4,9
2022-09-03 15:33:11,士林區,YouBike2.0_延平北路五段257巷4弄口,延平北路五段257巷17號前,15,7,8
2022-09-03 15:02:12,士林區,YouBike2.0_啟明學校,忠誠路二段200號(新光三越天母店)對側,16,7,8
2022-09-03 15:33:11,士林區,YouBike2.0_中山福國路口,中山北路五段837號前,14,6,8
2022-09-03 14:37:39,士林區,YouBike2.0_德行公園,德行西路33號對側,14,7,7
2022-09-03 15:20:39,士林區,YouBike2.0_承德後港街口,承德路四段/後港街口,11,8,3
2022-09-03 15:25:13,士林區,YouBike2.0_中山北路五段698巷口,中山北路五段692號前,15,6,9
2022-09-03 15:46:39,士林區,YouBike2.0_捷運士林站(1號出口),中正路236巷/中正路口,38,11,27
2022-09-03 15:26:39,士林區,YouBike2.0_捷運芝山站(2號出口)_1,福華路/福華路162巷(東南側),42,30,12
2022-09-03 00:51:12,士林區,YouBike2.0_銘傳大學(中山北路五段280巷口),中山北路五段280巷口,23,5,18
2022-09-03 16:08:45,文山區,YouBike2.0_台北花木批發市場,萬盛街/興隆路一段(西北側),27,13,14
2022-09-03 15:54:39,文山區,YouBike2.0_捷運萬隆站(4號出口),羅斯福路5段210號(前),21,8,13
2022-09-03 15:37:12,文山區,YouBike2.0_捷運萬隆站(1號出口),羅斯福路五段250號(前),26,13,13
2022-09-03 14:10:38,文山區,YouBike2.0_萬和二號公園,萬隆街255號(對面),26,8,18
2022-09-03 16:04:12,文山區,YouBike2.0_捷運萬隆站(2號出口),興隆路一段70巷/羅斯福路5段211巷26弄口,12,8,4
2022-09-03 14:45:15,文山區,YouBike2.0_景仁公園,羅斯福路六段142巷1號(旁),16,3,13
2022-09-03 16:03:13,文山區,YouBike2.0_捷運景美站(2號出口),景文街1號(對面),63,13,50
2022-09-03 15:57:38,文山區,YouBike2.0_羅斯福景隆街口,羅斯福路六段/景隆街口(東南側),20,9,11
2022-09-03 15:23:39,文山區,YouBike2.0_景福街/羅斯福路6段142巷口,景福街/羅斯福路6段142巷口,28,12,16
2022-09-03 15:00:48,文山區,YouBike2.0_興旺公園,福興路106巷28弄96號(對面),30,21,9
2022-09-03 15:47:12,文山區,YouBike2.0_興福國中,福興路95巷/福興路63巷4弄口,25,8,17
2022-09-03 15:47:38,文山區,YouBike2.0_興隆路2段203巷,興隆路2段203巷108號(對面),35,17,18
2022-09-03 15:00:19,文山區,YouBike2.0_景美運動公園,景豐街79號(旁公園),11,0,11
2022-09-03 14:34:38,文山區,YouBike2.0_景美醫院,羅斯福路六段280號(前),18,5,13
2022-09-03 15:58:12,文山區,YouBike2.0_師範大學公館校區,汀州路四段77號(旁),14,5,9
2022-09-03 16:08:17,文山區,YouBike2.0_景華街128巷口,景華街124號(旁汽車格),14,7,7
2022-09-03 14:39:11,文山區,YouBike2.0_仙跡岩登山口(景興路),景興街239號(前),22,8,14
2022-09-03 16:08:45,文山區,YouBike2.0_國立政治大學,指南路二段153號(對面),35,4,31
2022-09-03 07:28:38,文山區,YouBike2.0_捷運動物園站,新光路二段30號(對面),18,2,16
2022-09-03 10:50:38,文山區,YouBike2.0_捷運木柵站,木柵路四段82巷18號前(捷運橋樑下),31,14,17
2022-09-03 12:43:38,文山區,YouBike2.0_捷運萬芳社區站,萬芳路60號(西側廣場),31,14,17
2022-09-03 16:08:45,文山區,YouBike2.0_文山運動中心,興隆路三段/興隆路三段192巷8弄,20,13,7
2022-09-03 15:41:13,文山區,YouBike2.0_捷運辛亥站,辛亥路四段114號(旁人行道),29,16,13
2022-09-03 14:08:12,文山區,YouBike2.0_興豐公園,興隆路二段123巷/興隆路二段(西北側),21,9,12
2022-09-03 16:05:39,文山區,YouBike2.0_木柵光輝路口,木柵路一段290號(旁),19,3,16
2022-09-03 15:18:38,文山區,YouBike2.0_考試院,試院路(雙號)/木柵路一段(東北側),22,10,12
2022-09-03 14:52:38,文山區,YouBike2.0_和興路26巷口,和興路44巷 / 和興路26巷口,15,7,8
2022-09-03 14:04:38,文山區,YouBike2.0_世新大學,木柵路一段17巷1號(西側),26,11,15
2022-09-03 15:18:12,文山區,YouBike2.0_一壽橋,樟新街64號前方,16,5,11
2022-09-03 15:02:12,文山區,YouBike2.0_臺北市立景美女中,木新路三段/一壽街(西北側),23,13,10
2022-09-03 11:44:48,文山區,YouBike2.0_永安藝文館-表演36房,木新路二段156號前人行道(永安市場),15,5,10
2022-09-03 15:32:42,文山區,YouBike2.0_忠順區民活動中心,忠順街二段22號前方人行道(忠順區民活動中心),10,1,8
2022-09-03 14:35:12,文山區,YouBike2.0_景文中學,保儀路/木柵路三段102巷口(西南側),36,13,23
2022-09-03 12:39:38,文山區,YouBike2.0_老泉街籃球場,老泉街26巷老泉街口(籃球場前),14,5,9
2022-09-03 15:47:38,文山區,YouBike2.0_文山行政中心,木柵路三段220號(前),18,6,12
2022-09-03 15:13:38,文山區,YouBike2.0_木柵公園,興隆路四段50號(前),25,13,12
2022-09-03 15:40:38,文山區,YouBike2.0_興隆公共住宅D2區,興隆路四段105巷49號(旁),19,6,13
2022-09-03 11:35:05,文山區,YouBike2.0_木新路3段95巷口,木新路三段95巷30號(對面),16,7,9
2022-09-03 14:59:38,文山區,YouBike2.0_樟腳里公園,木新路二段299巷15號(旁),15,4,11
2022-09-03 14:45:15,文山區,YouBike2.0_實踐國中,忠順街一段2號(旁),14,3,11
2022-09-03 14:35:12,文山區,YouBike2.0_指南路3段2巷,指南路三段4號(旁),13,7,6
2022-09-03 14:53:04,文山區,YouBike2.0_萊茵公園,忠順街二段87巷25弄29號,14,3,11
2022-09-03 15:05:38,文山區,YouBike2.0_木柵社會住宅,久康街24巷46號對側,12,5,7
2022-09-03 12:28:38,文山區,YouBike2.0_秀明路一段185巷口,秀明路一段與秀明路一段185巷口,20,9,11
2022-09-03 00:04:12,文山區,YouBike2.0_秀明路一段129巷口,秀明路一段129巷與秀明路一段路口,22,5,17
2022-09-03 15:21:13,文山區,YouBike2.0_恆光橋(老泉街),老泉街/恆光街口,13,6,7
2022-09-03 16:07:12,文山區,YouBike2.0_萬有3號公園,景隆街105號(對面),14,10,4
2022-09-03 11:53:40,文山區,YouBike2.0_捷運萬芳醫院站(興隆路三段115巷),興隆路三段115巷2號,20,8,12
2022-09-03 15:23:12,文山區,YouBike2.0_興得閱覽室,興隆路三段304巷145號,24,5,19
2022-09-03 14:02:39,文山區,YouBike2.0_辛亥生態公園,辛亥路四段199號,18,1,17
2022-09-03 15:23:04,文山區,YouBike2.0_博嘉運動公園,木柵路四段159巷16號,12,0,12
2022-09-03 12:37:11,文山區,YouBike2.0_國立政治大學(萬壽路),萬壽路16巷6號(前),56,22,34
2022-09-03 12:31:12,文山區,YouBike2.0_仙岩公園,仙岩路16巷37號旁,11,3,8
2022-09-03 08:15:04,文山區,YouBike2.0_政大一街口,政大一街19號對側,14,0,14
2022-09-03 14:35:12,文山區,YouBike2.0_文山第二行政中心,興隆路二段160-1號前,30,10,20
2022-09-03 15:15:39,文山區,YouBike2.0_移民署訓練中心,興隆路三段306號,13,5,8
2022-09-02 23:03:04,文山區,YouBike2.0_海巡署(南側),興隆路三段211號對側(公車亭後),10,0,10
2022-09-03 15:09:12,文山區,YouBike2.0_明道國小東南側,興隆路四段109巷116號對側,18,8,10
2022-09-02 17:09:04,文山區,YouBike2.0_木南公園,木新路二段永安街22巷口,12,0,12
2022-09-03 15:02:38,文山區,YouBike2.0_實踐國中(木新路三段310巷口),忠順街一段木新路三段310巷口,17,2,15
2022-09-03 16:06:39,文山區,YouBike2.0_師範大學公館校區_1,師大公館校區校門口(汀州路側),21,4,17
2022-09-03 13:21:13,文山區,YouBike2.0_捷運動物園站(2號出口),新光路二段28號前,25,16,9
2022-09-02 10:16:12,文山區,YouBike2.0_政大水岸電梯,政治大學水岸電梯旁,10,0,10
2022-09-03 12:25:14,文山區,YouBike2.0_敦南山林,木柵路四段159巷16弄(社區出入口對側),14,4,10
2022-09-03 12:27:39,文山區,YouBike2.0_辛亥路五段73巷口,辛亥路五段75-1號前人行道,13,4,9
2022-09-03 14:53:12,文山區,YouBike2.0_景美污水抽水站,汀州路四段10號北側人行道,15,7,8
2022-09-03 15:31:12,文山區,YouBike2.0_萬和三號公園(北側),溪洲街107巷(公園北側),13,8,5
2022-09-03 14:38:04,文山區,YouBike2.0_景興國中,三福街4巷與景興路46巷口,10,0,10
2022-09-03 16:05:39,文山區,YouBike2.0_景仁公園_1,景仁街 / 羅斯福路六段142巷口(北側),15,5,10
2022-09-03 13:02:38,文山區,YouBike2.0_萬興國小,秀明路二段114號公車亭旁,16,3,13
2022-09-03 15:15:04,文山區,YouBike2.0_辛亥路四段77巷口,辛亥路四段77巷口,14,1,13
2022-09-03 15:38:12,中正區,YouBike2.0_臺北自來水事業處,思源街1號東側,20,3,17
2022-09-03 15:42:04,中正區,YouBike2.0_汀州思源街口東南側,汀州路三段思源街口東南側,20,1,19
2022-09-03 16:03:04,中正區,YouBike2.0_捷運公館站(1號出口),羅斯福路四段68號,12,11,1
2022-09-03 15:48:11,中正區,YouBike2.0_捷運公館站(4號出口),羅斯福路四段48號,12,9,3
2022-09-03 15:28:38,中正區,YouBike2.0_捷運古亭站(9號出口),羅斯福路二段100號(前方),20,9,11
2022-09-03 16:08:45,中正區,YouBike2.0_捷運古亭站(2號出口),羅斯福路二段168號前,41,13,28
2022-09-03 15:22:11,中正區,YouBike2.0_捷運臺電大樓站(1號出口),辛亥路一段/羅斯福路三段南側,34,5,29
2022-09-03 15:15:39,中正區,YouBike2.0_客家文化主題公園,師大路/金門街11巷口對側人行道,15,5,10
2022-09-03 15:24:12,中正區,YouBike2.0_河堤國小,汀洲路二段182巷內186號旁,15,10,5
2022-09-03 15:45:13,中正區,YouBike2.0_紀州庵,水源路/同安街口(東側),25,3,22
2022-09-03 15:07:40,中正區,YouBike2.0_捷運臺電大樓站(5號出口),羅斯福路三段126號前,14,10,4
2022-09-03 16:04:04,中正區,YouBike2.0_捷運臺電大樓站(4號出口),師大路/羅斯福路三段西側,13,12,1
2022-09-03 16:04:12,中正區,YouBike2.0_羅斯福三段金門街口,羅斯福路三段2號前,15,9,6
2022-09-03 16:05:13,中正區,YouBike2.0_牯嶺公園,廈門街113巷/牯嶺街口(西側),40,22,17
2022-09-03 16:07:04,中正區,YouBike2.0_捷運古亭站(8號出口),和平西路一段13-1號前方,15,0,15
2022-09-03 14:49:04,中正區,YouBike2.0_捷運古亭站(7號出口),羅斯福路二段44號前方,12,0,12
2022-09-03 16:03:13,中正區,YouBike2.0_南昌公園,和平西路一段與南昌路二段口西北側,41,13,27
2022-09-03 15:58:39,中正區,YouBike2.0_和平重慶路口,和平西路一段/福州街口東側,46,23,23
2022-09-03 15:55:19,中正區,YouBike2.0_孫立人將軍官邸,南昌路一段136號前,23,4,19
2022-09-03 15:53:39,中正區,YouBike2.0_羅斯福路二段6巷口,羅斯福路二段/羅斯福路二段6巷口,14,7,7
2022-09-03 16:00:39,中正區,YouBike2.0_金華杭州南路口,金華街口/杭州南路二段西北側,21,6,15
2022-09-03 15:59:12,中正區,YouBike2.0_捷運中正紀念堂站(3號出口),金華街17號前方,18,16,2
2022-09-03 15:49:11,中正區,YouBike2.0_捷運中正紀念堂站(4號出口),羅斯福路一段5號前方,21,11,10
2022-09-03 15:43:04,中正區,YouBike2.0_重慶南海路口西南側,重慶南路二段與南海路口西南側,16,0,16
2022-09-03 15:17:38,中正區,YouBike2.0_螢橋國小,泉州街32號對面人行道,32,18,10
2022-09-03 15:32:42,中正區,YouBike2.0_古亭智慧圖書館,中華路二段443巷45號前,14,9,5
2022-09-03 15:20:39,中正區,YouBike2.0_永昌公園,詔安街224號前,15,8,7
2022-09-03 15:42:39,中正區,YouBike2.0_中華路二段409巷口,中華路二段403號前,15,3,11
2022-09-03 16:07:43,中正區,YouBike2.0_南機場夜市(中華路二段),中華路二段305巷至307巷,41,27,14
2022-09-03 14:41:04,中正區,YouBike2.0_南海和平路口西南側,南海路與和平西路二段西南側,19,1,18
2022-09-03 15:13:12,中正區,YouBike2.0_莒光和平路口,莒光路2號前,20,5,15
2022-09-03 15:58:12,中正區,YouBike2.0_水源路11-1號旁,水源路11-1號(旁),19,5,14
2022-09-03 15:59:12,中正區,YouBike2.0_南門國中,廣州街8巷/廣州街口東南側,21,2,19
2022-09-03 15:23:39,中正區,YouBike2.0_捷運小南門站(2號出口),愛國西路30號之2前方,18,8,10
2022-09-03 15:02:38,中正區,YouBike2.0_介壽公園,貴陽街懷寧街口(東北側),23,4,19
2022-09-03 15:33:12,中正區,YouBike2.0_中華貴陽街口,貴陽街一段243之1號(前),20,6,14
2022-09-03 16:03:39,中正區,YouBike2.0_華山文創園區,忠孝東路二段41號,39,14,25
2022-09-03 15:46:12,中正區,YouBike2.0_捷運善導寺站(1號出口),忠孝東路一段7號,33,20,13
2022-09-03 15:35:38,中正區,YouBike2.0_濟南紹興路口,濟南紹興路口東南側,39,22,17
2022-09-03 14:56:12,中正區,YouBike2.0_林森仁愛路口,林森南路與仁愛路一段西北側,13,5,8
2022-09-03 15:35:38,中正區,YouBike2.0_中正運動中心,信義路一段1號前,28,10,18
2022-09-03 16:07:12,中正區,YouBike2.0_信義杭州路口,信義路一段21號前,47,4,43
2022-09-03 15:47:12,中正區,YouBike2.0_捷運善導寺站(3號出口),林森南路1號南側,20,14,6
2022-09-03 16:08:45,中正區,YouBike2.0_捷運小南門站(1號出口),愛國西路/延平南路(西北側),56,16,40
2022-09-03 15:04:13,中正區,YouBike2.0_延平南路133巷口,延平南路162號對側,17,3,14
2022-09-03 15:37:12,中正區,YouBike2.0_捷運西門站(2號出口),中華路一段59號旁,24,17,7
2022-09-03 15:46:12,中正區,YouBike2.0_寶慶博愛路口,博愛路162號,19,7,12
2022-09-03 16:01:12,中正區,YouBike2.0_法務部,重慶南路一段130號旁,27,5,22
2022-09-03 16:03:39,中正區,YouBike2.0_臺北市立大學(博愛校區),愛國西路1號(前),59,27,32
2022-09-03 15:42:39,中正區,YouBike2.0_國家圖書館,中山南路20號前,36,12,24
2022-09-03 16:06:04,中正區,YouBike2.0_市民金山路口,金山市民大道口南側,18,17,1
2022-09-03 15:59:38,中正區,YouBike2.0_聯合醫院和平院區,中華路二段33號旁,32,14,18
2022-09-03 15:06:39,中正區,YouBike2.0_中山堂,武昌街一段與延平南路口,29,5,24
2022-09-03 15:24:03,中正區,YouBike2.0_中華漢口街口,中華路一段與漢口街一段路口,19,1,18
2022-09-03 15:38:04,中正區,YouBike2.0_中華路一段21巷口,中華路一段11號(斜前方),22,0,22
2022-09-03 15:59:12,中正區,YouBike2.0_捷運臺大醫院站(4號出口),常德街1號(公園路側),42,23,19
2022-09-03 14:17:38,中正區,YouBike2.0_寶藏巖觀音亭,汀州路三段230巷23號,23,10,13
2022-09-03 15:58:12,中正區,YouBike2.0_師大水源路口,師大路/水源路口(東南側),21,8,13
2022-09-03 16:08:17,中正區,YouBike2.0_中山徐州路口,中山南路/徐州路(東南側),16,1,15
2022-09-03 15:59:38,中正區,YouBike2.0_信義連雲街口,信義路二段213號前,29,7,22
2022-09-03 15:57:12,中正區,YouBike2.0_臺北轉運站,市民大道一段/中山北路一段(西北側),46,28,18
2022-09-03 16:05:39,中正區,YouBike2.0_莒光大埔街口,莒光路/大埔街口(東北側),32,14,18
2022-09-03 16:00:35,中正區,YouBike2.0_捷運忠孝新生站(2號出口),忠孝東路二段132號(東側),20,2,18
2022-09-03 16:05:13,中正區,YouBike2.0_光華商場,新生北路一段/市民大道三段口(西側),25,21,3
2022-09-03 15:05:13,中正區,YouBike2.0_中山青島路口,中山南路/青島東路口(東北側),30,7,23
2022-09-03 15:15:13,中正區,YouBike2.0_捷運中正紀念堂站(5號出口),捷運中正紀念堂站(5號出口)西側,29,21,8
2022-09-03 15:32:42,中正區,YouBike2.0_北平東杭州北路口,北平東路/杭州北路口(東北側),20,11,9
2022-09-03 16:02:12,中正區,YouBike2.0_王貫英先生紀念圖書館,汀州路二段265號,15,5,10
2022-09-03 16:05:39,中正區,YouBike2.0_金山信義路口,金山南路一段148號前側,11,1,10
2022-09-03 15:56:12,中正區,YouBike2.0_林森徐州路口,林森南路/徐州路口(西南側),16,11,5
2022-09-03 16:06:13,中正區,YouBike2.0_徐州杭州路口,徐州路/杭州南路一段口(西北側),19,5,14
2022-09-03 15:32:04,中正區,YouBike2.0_捷運中正紀念堂站(6號出口),捷運中正紀念堂站(6號出口)北側,17,16,1
2022-09-03 15:38:38,中正區,YouBike2.0_捷運臺北車站(M2出口),市民大道一段168號旁,20,2,18
2022-09-03 15:57:04,中正區,YouBike2.0_機場捷運台北車站(6號出口),鄭州路/延平北路口東南側,14,0,14
2022-09-03 15:36:12,中正區,YouBike2.0_延平北平路口,延平北路一段2號對側,20,2,18
2022-09-03 15:38:38,中正區,YouBike2.0_臺北市國父史蹟館(逸仙公園),中山北路一段46號北側,31,13,18
2022-09-03 15:38:12,中正區,YouBike2.0_捷運西門站(5號出口),捷運西門站(5號出口)南側,30,10,20
2022-09-03 15:34:03,中正區,YouBike2.0_弘道國中,公園路21號西北側,18,0,18
2022-09-03 16:02:04,中正區,YouBike2.0_臺北市第一女子高級中學,重慶南路一段165號旁,17,2,15
2022-09-03 15:28:12,中正區,YouBike2.0_台北市替代役中心,汀州路三段8號前,15,5,10
2022-09-03 13:56:39,中正區,YouBike2.0_紹興徐州路口,紹興南街/徐州路(東南側),18,4,14
2022-09-03 15:40:20,中正區,YouBike2.0_羅斯福寧波東街口,羅斯福路一段/寧波東街(東南側),16,7,9
2022-09-03 14:12:12,中正區,YouBike2.0_自來水園區,中正區思源街16號對面人行道,20,2,18
2022-09-03 15:55:10,中正區,YouBike2.0_仁愛林森路口,仁愛路一段路口/林森南路(東北側),20,0,20
2022-09-03 15:52:12,中正區,YouBike2.0_捷運西門站(3號出口),中華路一段/寶慶路(東南側),24,15,9
2022-09-03 16:08:17,中正區,YouBike2.0_仁愛金山路口,仁愛路二段31號前,9,1,8
2022-09-03 15:39:12,中正區,YouBike2.0_杭州南路一段101巷口,金山南路一段72號前,14,6,8
2022-09-03 15:19:25,中正區,YouBike2.0_仁愛杭州路口,仁愛路一段59號旁,15,0,15
2022-09-03 16:05:13,中正區,YouBike2.0_龍興里活動中心,三元街131號旁,15,7,8
2022-09-03 15:10:19,中正區,YouBike2.0_植物園,和平西路二段100號前,22,12,10
2022-09-03 15:39:12,中正區,YouBike2.0_郵政博物館,重慶南路二段45號前方(郵政博物館前),14,3,11
2022-09-03 16:03:13,中正區,YouBike2.0_林森北平路口,林森北路與北平東路口西北側,20,6,14
2022-09-03 14:59:38,中正區,YouBike2.0_北平紹興路口,北平東路30號對側人行道,15,1,14
2022-09-03 14:37:39,中正區,YouBike2.0_天津北平路口,天津街1號對側人行道,15,3,12
2022-09-03 15:40:20,中正區,YouBike2.0_捷運忠孝新生站(1號出口),捷運忠孝新生站(1號出口)後方,19,2,17
2022-09-03 15:24:04,中正區,YouBike2.0_捷運忠孝新生站(5號出口),新生南路一段56號前方,13,0,13
2022-09-03 14:57:12,中正區,YouBike2.0_捷運臺大醫院站(1號出口),公園路/常德街口(西側),19,7,12
2022-09-03 16:01:39,中正區,YouBike2.0_臺大醫院兒童醫院,中山南路8號(青島西路側),22,10,12
2022-09-03 15:57:12,中山區,YouBike2.0_通北街65巷口,通北街/通北街65巷口(東北側),16,9,7
2022-09-03 14:58:38,中山區,YouBike2.0_圓山風景區,北安路/北安路77巷口(西北側),15,5,10
2022-09-03 12:04:13,中山區,YouBike2.0_樂群二堤頂大道口,堤頂大道二段382號(旁),20,8,12
2022-09-03 07:40:18,中山區,YouBike2.0_劍潭社區,通北街146巷2弄2號(對面公園),13,3,10
2022-09-03 14:46:13,中山區,YouBike2.0_培英公園,崇實路/大直街62巷(東南側),30,2,28
2022-09-03 15:42:12,中山區,YouBike2.0_樂群二明水路口,樂群二路/明水路口(東北側),20,12,8
2022-09-03 15:57:38,中山區,YouBike2.0_北安大直街口,北安路676號前人行道,15,10,5
2022-09-03 16:01:12,中山區,YouBike2.0_捷運劍南路站(2號出口),敬業三路11號(植福路側對面),86,23,63
2022-09-03 16:02:38,中山區,YouBike2.0_樂群二敬業三路口,敬業三路155號(前),20,12,8
2022-09-03 16:04:12,中山區,YouBike2.0_樂群二敬業四路口,樂群二路186號,43,31,12
2022-09-03 16:06:39,中山區,YouBike2.0_捷運大直站(3號出口),北安路536號(旁),34,10,24
2022-09-03 16:07:43,中山區,YouBike2.0_復興市民路口,復興南路一段36-9號前人行道,36,23,13
2022-09-03 16:03:13,中山區,YouBike2.0_南京遼寧街口,南京東路三段189號(對面),21,7,14
2022-09-03 14:09:39,中山區,YouBike2.0_伊通長安路口,伊通街/長安東路二段(西南側路側),21,6,15
2022-09-03 15:48:38,中山區,YouBike2.0_新生長安路口,新生北路一段/長安東路二段交叉口(北側),20,10,10
2022-09-03 15:40:20,中山區,YouBike2.0_市民林森路口,市民大道二段/林森北路(東北側),25,2,23
2022-09-03 15:49:11,中山區,YouBike2.0_南京新生路口,新生北路一段/南京東路一段口(橋墩下方),20,5,15
2022-09-03 15:07:40,中山區,YouBike2.0_一江公園,一江街/松江路132巷口(西北側),22,3,19
2022-09-03 16:04:12,中山區,YouBike2.0_松江公園,松江路/松江路84巷(西北側路側),25,2,23
2022-09-03 16:01:12,中山區,YouBike2.0_新生長春路口,新生北路二段/新生北路二段68巷交叉口(新生橋下),20,8,12
2022-09-03 15:56:12,中山區,YouBike2.0_第二果菜批發市場,民族東路410巷2弄18號(東側),28,10,18
2022-09-03 15:58:39,中山區,YouBike2.0_民生建國路口,民生東路三段 / 建國北路二段口,21,10,11
2022-09-03 16:08:45,中山區,YouBike2.0_興安華城,興安街53-4號對側,62,31,30
2022-09-03 16:04:38,中山區,YouBike2.0_捷運中山國中站,復興北路386號南側,47,39,8
2022-09-03 14:23:38,中山區,YouBike2.0_龍江錦州街口,龍江路287號前方,16,5,11
2022-09-03 14:43:12,中山區,YouBike2.0_建國長春路口,建國北路/長春路口(南側),16,2,14
2022-09-03 14:31:13,中山區,YouBike2.0_南京建國路口,南京東路二段/建國北路二段(北側),42,24,18
2022-09-03 16:01:39,中山區,YouBike2.0_捷運松江南京站(7號出口),松江路119號前,62,40,22
2022-09-03 15:52:39,中山區,YouBike2.0_朱崙商場,龍江路15號前,27,13,14
2022-09-03 10:45:04,中山區,YouBike2.0_中吉公園,松江路170巷20號對側,15,0,15
2022-09-03 15:57:12,中山區,YouBike2.0_華山公園,市民大道與長安東路一段52巷口,19,4,15
2022-09-03 15:17:38,中山區,YouBike2.0_建國北路一段17巷,建國北路一段17巷/八德路二段137巷口,45,11,34
2022-09-03 15:15:39,中山區,YouBike2.0_江寧公園,合江街186號對側,15,4,10
2022-09-03 16:04:04,中山區,YouBike2.0_民權龍江路口,民權東路三段與龍江路口東南側,14,14,0
2022-09-03 15:20:40,中山區,YouBike2.0_捷運中山國小站(2號出口),捷運中山國小站(2號出口)後方,59,15,44
2022-09-03 15:55:19,中山區,YouBike2.0_捷運行天宮站(3號出口),松江路261號前,36,13,23
2022-09-03 15:42:39,中山區,YouBike2.0_林森農安街口,林森北路582號(前),17,7,10
2022-09-03 16:06:39,中山區,YouBike2.0_捷運中山國小站(4號出口),民權東路一段/民權東路一段71巷口,20,2,18
2022-09-03 15:53:39,中山區,YouBike2.0_農安雙城街口,農安街12-1號前方,15,11,4
2022-09-03 15:15:13,中山區,YouBike2.0_新生德惠街口,新生北路三段76號對側,15,3,12
2022-09-03 14:39:11,中山區,YouBike2.0_民族林森路口,民族東路17號前,15,1,14
2022-09-03 12:25:14,中山區,YouBike2.0_臺北市立美術館,花博公園5號出入口旁,24,4,20
2022-09-03 15:45:13,中山區,YouBike2.0_中山民族路口,中山北路三段54號前,16,7,9
2022-09-03 15:35:13,中山區,YouBike2.0_新生高架停車場(林森北路107巷口),新生北路一段與林森北路107巷口(新生高架橋下),14,5,9
2022-09-03 15:19:12,中山區,YouBike2.0_南京林森路口(東南側),南京東路一段86號前,10,9,1
2022-09-03 16:05:39,中山區,YouBike2.0_仁德公園,吉林路108巷與南京東路二段21巷口東南側,18,3,15
2022-09-03 15:35:13,中山區,YouBike2.0_中原公園,新生北路二段45巷(中原公園西側),15,7,8
2022-09-03 16:06:04,中山區,YouBike2.0_下埤公園,民族東路512巷13弄4號,14,6,7
2022-09-03 16:07:12,中山區,YouBike2.0_五常國中,復興北路488巷2弄5號對側,16,8,8
2022-09-03 16:03:04,中山區,YouBike2.0_榮星花園,五常街77號對側,38,6,30
2022-09-03 16:02:12,中山區,YouBike2.0_民權建國路口,民權東路三段/建國北路三段口(東北側),34,13,20
2022-09-03 15:00:29,中山區,YouBike2.0_松江路431巷口,松江路433號前,15,6,9
2022-09-03 15:26:39,中山區,YouBike2.0_新喜公園,德惠街170巷22號對側,13,10,2
2022-09-03 15:40:39,中山區,YouBike2.0_吉林路407巷口,吉林路401號前,15,7,5
2022-09-03 14:09:12,中山區,YouBike2.0_民族松江路口,民族東路與松江路口西北側,17,6,11
2022-09-03 13:52:12,中山區,YouBike2.0_林安泰古厝,濱江街5號對側,22,13,9
2022-09-03 16:06:13,中山區,YouBike2.0_中山公民會館,中山北路二段128巷口,20,8,12
2022-09-03 15:37:12,中山區,YouBike2.0_渭水八德路口,渭水路54號對側,23,6,17
2022-09-03 16:08:17,中山區,YouBike2.0_捷運中山站(2號出口),南京西路4號前,26,6,20
2022-09-03 16:07:12,中山區,YouBike2.0_撫順公園,中山北路三段2號對側,18,7,11
2022-09-03 15:23:39,中山區,YouBike2.0_新生公園,民族東路/吉林路口(西北側),16,4,12
2022-09-03 15:19:33,中山區,YouBike2.0_捷運行天宮站(1號出口),松江路230號前,26,10,16
2022-09-03 16:07:43,中山區,YouBike2.0_林森長春路口,長春路29號前,18,10,8
2022-09-03 15:41:13,中山區,YouBike2.0_建國農安街口,建國北路/農安街口(建國橋下),35,14,21
2022-09-03 15:30:17,中山區,YouBike2.0_松江路77巷口,松江路77巷口,10,0,10
2022-09-03 15:02:38,中山區,YouBike2.0_建國長安路口,建國北路一段與長安東路二段口北側,20,13,3
2022-09-03 16:05:13,中山區,YouBike2.0_市民新生路口,市民大道三段與新生北路一段口西北側,15,5,10
2022-09-03 15:14:39,中山區,YouBike2.0_民權吉林路口,民權東路二段51號前,15,6,9
2022-09-03 15:34:12,中山區,YouBike2.0_中山農安街口,中山北路三段25號前,17,10,7
2022-09-03 16:04:38,中山區,YouBike2.0_捷運行政大樓,中山北路二段48巷7號前,14,9,5
2022-09-03 14:43:12,中山區,YouBike2.0_中吉公園(松江路188巷),松江路188巷11號對側,22,3,19
2022-09-03 16:03:13,中山區,YouBike2.0_吉林路123巷口,吉林路125號前,13,4,9
2022-09-03 15:05:38,中山區,YouBike2.0_中原民生路口,民生東路二段33號旁,15,4,11
2022-09-03 16:05:39,中山區,YouBike2.0_國立臺北大學(臺北校區),民生東路三段67號前,30,1,29
2022-09-03 16:05:13,中山區,YouBike2.0_錦州吉林路口,錦州街174號前,20,3,17
2022-09-03 15:11:04,中山區,YouBike2.0_中山北路二段59巷口,中山北路二段59之3號前,12,12,0
2022-09-03 16:07:12,中山區,YouBike2.0_永盛公園(民生東路一段23巷),民生東路一段23巷/民生東路一段27巷口,12,5,7
2022-09-03 15:59:38,中山區,YouBike2.0_新生錦州街口,新生北路二段100號前,20,3,17
2022-09-03 13:54:38,中山區,YouBike2.0_濱江街199巷口,濱江街199巷(八號疏散門前),15,10,5
2022-09-03 09:24:38,中山區,YouBike2.0_大佳社區公園,濱江街154巷對側,15,8,7
2022-09-03 15:14:12,中山區,YouBike2.0_濱江果菜市場,民族東路336號前,22,3,19
2022-09-03 14:56:12,中山區,YouBike2.0_興安合江路口,興安街60號對側,19,12,7
2022-09-03 15:56:38,中山區,YouBike2.0_復興北路514巷口東側,復興北路514巷66號前側,10,2,8
2022-09-03 16:08:45,中山區,YouBike2.0_台泥大樓,中山北路二段113-133號前,18,7,11
2022-09-03 15:46:39,中山區,YouBike2.0_植福樂群路口,植福路/樂群三路(西北側),10,4,6
2022-09-03 15:16:12,中山區,YouBike2.0_新興公園,錦州街13巷/中山北路二段137巷口(東南側),16,15,1
2022-09-03 15:36:12,中山區,YouBike2.0_南京伊通街口,南京東路二段178-1號,11,6,5
2022-09-03 15:59:12,中山區,YouBike2.0_南京龍江路口,南京東路三段121號前,15,5,10
2022-09-03 15:00:39,中山區,YouBike2.0_撫順街41巷(崇德宮前),撫順街41巷1-7號對側,19,1,18
2022-09-03 16:08:17,中山區,YouBike2.0_臺北市立圖書館大直分館,大直街28號對側,20,4,16
2022-09-03 15:57:12,中山區,YouBike2.0_捷運大直站(1號出口),北安路535之2號旁,27,10,17
2022-09-03 15:30:26,中山區,YouBike2.0_捷運松江南京站(4號出口),松江路95-1至109號前方,32,10,22
2022-09-03 07:54:38,中山區,YouBike2.0_中429公園,敬業三路177巷南側,15,2,13
2022-09-03 13:43:12,中山區,YouBike2.0_長春路137巷口,民生東路二段134號前,16,5,11
2022-09-03 14:10:48,中山區,YouBike2.0_松江民生路口,松江路208號前,17,7,10
2022-09-03 16:08:17,中山區,YouBike2.0_松江路132巷口,吉林路100號對側,14,0,14
2022-09-03 14:24:38,中山區,YouBike2.0_長春吉林路口,長春路120號前,10,3,7
2022-09-03 15:58:12,中山區,YouBike2.0_長春一江街口,長春路135號前,11,3,8
2022-09-03 15:58:12,中山區,YouBike2.0_捷運松江南京站(8號出口),南京東路二段101號前,20,7,13
2022-09-03 15:51:39,中山區,YouBike2.0_南京一江街口,南京東路二段85號前,10,1,9
2022-09-03 15:23:12,中山區,YouBike2.0_松江長春路口,松江路158號前,16,3,13
2022-09-03 14:41:13,中山區,YouBike2.0_經國七海文化園區,北安路301號前,15,8,7
2022-09-03 15:43:12,中山區,YouBike2.0_民族玉門街口,民族西路口與玉門街口東北側,20,6,14
2022-09-03 15:34:38,中山區,YouBike2.0_新生農安街口,新生北路三段與農安街口(高架橋下),15,4,11
2022-09-03 13:30:25,中山區,YouBike2.0_稻江高級護理家事職業學校,農安街77巷與農安街77巷1弄口,14,12,2
2022-09-03 14:01:39,中山區,YouBike2.0_捷運大直站(3號出口)_1,北安路458巷41弄52之1號前,18,1,17
2022-09-03 16:02:12,中山區,YouBike2.0_樂群二明水路口_1,樂群二路 / 明水路口(東側),10,5,5
2022-09-03 14:29:38,中山區,YouBike2.0_民權吉林路口(南側),民權東路二段46號前,16,6,10
2022-09-03 15:38:38,中山區,YouBike2.0_長春龍江路口,長春路與龍江路口西北側,24,3,21
2022-09-03 15:13:12,中山區,YouBike2.0_民權新生路口,民權東路一段/新生北路三段(北側)(新生高架橋下),26,15,11
2022-09-03 16:08:45,中山區,YouBike2.0_建國長春路口(北側),建國北路/長春路口(北側),8,0,8
2022-09-03 15:31:12,中山區,YouBike2.0_中山行政中心,松江路/農安街口,20,6,14
2022-09-03 15:00:29,中山區,YouBike2.0_臺北市立美術館_1,中山北路三段(花博流行館前),18,12,6
2022-09-03 12:40:19,中山區,YouBike2.0_劍潭社區_1,通北街143號前,18,12,6
2022-09-03 13:27:12,中山區,YouBike2.0_濱江國小游泳池,樂群二路266巷99號前,16,5,11
2022-09-03 15:36:12,中山區,YouBike2.0_林森公園,林森北路/南京東路一段,20,10,10
2022-09-03 15:58:39,中山區,YouBike2.0_中428公園,樂群二路30巷/樂群二路116巷61弄,15,5,10
2022-09-03 16:03:39,中山區,YouBike2.0_復華公園,南京東路三段109巷/龍江路120巷,20,6,14
2022-09-03 14:52:12,中山區,YouBike2.0_新生民族路口(西南側),新生北路三段/民族東路(西南側),15,5,10
2022-09-03 16:06:39,中山區,YouBike2.0_捷運南京復興站(1號出口),捷運南京復興站(1號出口)後方(遼寧街155巷),21,1,20
2022-09-03 15:09:04,中山區,YouBike2.0_八德市場(北側),建國南路一段/市民大道交叉口(北側),16,0,16
2022-09-03 15:59:38,中山區,YouBike2.0_龍江朱崙街口,龍江路/朱崙街口西北側,14,4,10
2022-09-03 15:54:13,中山區,YouBike2.0_大直街94巷,大直街94巷口,15,8,7
2022-09-03 15:59:12,中山區,YouBike2.0_捷運南京復興站(8號出口),南京東路三段221號前,28,12,16
2022-09-03 15:54:13,中山區,YouBike2.0_民權建國路口(南側),民權東路三段/建國北路二段(南側高架橋下),15,5,10
2022-09-03 16:07:43,中山區,YouBike2.0_林森德惠街口,德惠街11號東側,16,3,13
2022-09-03 07:53:40,中山區,YouBike2.0_新生濱江街口(東南側),新生北路三段/濱江街口(東南側),21,7,14
2022-09-03 12:07:14,中山區,YouBike2.0_新生北路一段62巷口,新生北路一段64號對側,20,3,17
2022-09-03 14:26:12,內湖區,YouBike2.0_文湖街21巷118弄口,文湖街21巷118弄6-10號(前),19,12,7
2022-09-03 15:02:38,內湖區,YouBike2.0_北勢湖環保公園,內湖路一段66-72號前方公園,15,2,13
2022-09-03 13:54:48,內湖區,YouBike2.0_洲子一號公園,基湖路37號西側,43,10,33
2022-09-03 16:05:39,內湖區,YouBike2.0_西康公園,內湖路一段225巷口,16,3,13
2022-09-03 15:24:12,內湖區,YouBike2.0_文湖國小,文湖街21巷口北側,31,13,18
2022-09-03 15:42:39,內湖區,YouBike2.0_文湖街81巷10號西側,文湖街81巷10號西側,14,2,10
2022-09-03 15:21:39,內湖區,YouBike2.0_德明財經科技大學,環山路一段56號南側,27,2,25
2022-09-03 15:31:12,內湖區,YouBike2.0_麗山國小,內湖路一段411巷56號東側,15,3,12
2022-09-03 13:24:12,內湖區,YouBike2.0_麗山高中,環山路二段141號北側,25,6,19
2022-09-03 13:46:13,內湖區,YouBike2.0_港華五號公園,環山路二段81號西北側,16,7,9
2022-09-03 15:58:39,內湖區,YouBike2.0_大湖國小,大湖山莊街/大湖山莊街176巷(東南側),25,13,12
2022-09-03 15:09:39,內湖區,YouBike2.0_安湖三號公園,東湖路113巷49弄3號北側,12,4,8
2022-09-03 14:13:12,內湖區,YouBike2.0_東湖路113巷95弄,東湖路113巷95弄13號西側,10,6,4
2022-09-03 06:54:12,內湖區,YouBike2.0_瑞光計程車服務站,港墘路221巷2號,20,3,17
2022-09-03 16:07:12,內湖區,YouBike2.0_文德三號公園(江南街71巷16弄),瑞光路271號東南側,15,5,10
2022-09-03 16:02:38,內湖區,YouBike2.0_捷運大湖公園站(2號出口),成功路五段5號東側,28,13,15
2022-09-03 16:08:17,內湖區,YouBike2.0_康寧星雲街口,康寧路一段116號,12,7,5
2022-09-03 13:57:38,內湖區,YouBike2.0_星雲街47號,星雲街47號南側,15,4,11
2022-09-03 16:01:12,內湖區,YouBike2.0_捷運西湖站(1號出口),內湖路一段285巷15號(對面),35,14,21
2022-09-03 16:03:04,內湖區,YouBike2.0_捷運西湖站(2號出口),內湖路一段291號(對面),12,4,8
2022-09-03 15:52:12,內湖區,YouBike2.0_洲子二號公園,瑞光路500號(對面),60,12,48
2022-09-03 16:00:35,內湖區,YouBike2.0_港都公園,港華街57號(對面),15,1,14
2022-09-03 15:07:12,內湖區,YouBike2.0_環山路二段26巷口,環山路二段/環山路二段26巷(西南側),29,14,15
2022-09-03 15:57:38,內湖區,YouBike2.0_成功金龍路口,成功路四段188號,23,16,7
2022-09-03 15:54:39,內湖區,YouBike2.0_碧山公園,內湖路三段60巷28號東側,31,13,12
2022-09-03 15:58:39,內湖區,YouBike2.0_金瑞公園,金龍路203-8號北側,20,8,12
2022-09-03 14:54:13,內湖區,YouBike2.0_捷運文德站(2號出口),文德路212號旁,31,12,19
2022-09-03 12:11:13,內湖區,YouBike2.0_陽光公園,陽光街與文德路220巷口西側,16,13,1
2022-09-03 15:48:38,內湖區,YouBike2.0_文德二號公園(南側),陽光街與陽光街68巷102弄口,13,10,3
2022-09-03 16:03:39,內湖區,YouBike2.0_文德二號公園(北側),文德路210巷12號對側,15,10,5
2022-09-03 15:45:39,內湖區,YouBike2.0_瑞陽公園,文德路22巷6號(對面),12,3,9
2022-09-03 15:08:12,內湖區,YouBike2.0_湖光國宅,文德路22巷與文德路22巷74弄口,22,16,6
2022-09-03 14:31:13,內湖區,YouBike2.0_潭美街213號,潭美街213號南側,12,2,10
2022-09-03 12:42:12,內湖區,YouBike2.0_南京東路六段180號,南京東路六段180號北側,21,12,9
2022-09-03 13:38:39,內湖區,YouBike2.0_潭美國小(南京舊宗路口),行善路179號南側,16,9,7
2022-09-03 14:44:16,內湖區,YouBike2.0_新明路343號,新明路341號北側,12,5,7
2022-09-03 14:17:38,內湖區,YouBike2.0_週美里活動廣場,潭美街100號,12,6,6
2022-09-03 12:58:12,內湖區,YouBike2.0_內湖行政中心,民權東路六段99號(前),25,12,13
2022-09-03 09:18:13,內湖區,YouBike2.0_樂康公園,康樂街61巷73弄22-1號南側,20,7,13
2022-09-02 23:03:12,內湖區,YouBike2.0_安康路32巷24弄,安康路32巷24弄22號,21,2,19
2022-09-03 12:03:39,內湖區,YouBike2.0_明美公園,石潭路27號南側,18,3,15
2022-09-03 12:20:39,內湖區,YouBike2.0_南京東路六段368巷,南京東路六段382號西南側,33,6,27
2022-09-03 14:14:12,內湖區,YouBike2.0_新明成功路口,新明路22號,18,7,11
2022-09-03 16:08:17,內湖區,YouBike2.0_民權瑞光路口,民權東路六段50號,20,17,3
2022-09-03 15:03:12,內湖區,YouBike2.0_瑞光公共住宅(瑞光路),瑞光路160號,18,4,14
2022-09-03 10:32:39,內湖區,YouBike2.0_民權東路六段15巷,民權東路六段15巷29號,17,10,7
2022-09-03 16:06:39,內湖區,YouBike2.0_扶輪親恩公園,民權東路六段30號,17,10,7
2022-09-03 16:07:43,內湖區,YouBike2.0_新湖三民善街口,新湖三路36號,15,1,14
2022-09-03 15:05:13,內湖區,YouBike2.0_內湖119號綠地,南京東路六段125號南側,24,5,19
2022-09-03 14:25:14,內湖區,YouBike2.0_行善公園,潭美街27號西側,20,8,12
2022-09-03 12:13:39,內湖區,YouBike2.0_三軍總醫院,成功路二段424號(對面),14,1,13
2022-09-03 15:29:11,內湖區,YouBike2.0_福華商場,民權東路六段/民權東路六段180巷(西南側),20,12,8
2022-09-03 14:32:13,內湖區,YouBike2.0_臺北市網球中心,民權東路六段208號(前),16,10,6
2022-09-03 15:44:11,內湖區,YouBike2.0_捷運葫洲站(1號出口),康寧路三段39號(對面),25,15,10
2022-09-03 09:41:13,內湖區,YouBike2.0_麗湖國小,金湖路363巷11號(對面),18,8,10
2022-09-03 15:12:39,內湖區,YouBike2.0_金湖路347巷125弄口,金湖路347巷125弄1號(對面),15,6,9
2022-09-03 16:02:48,內湖區,YouBike2.0_碧湖公園,內湖路二段/內湖路二段103巷口(東北側),15,9,6
2022-09-03 15:42:39,內湖區,YouBike2.0_碧湖公園(內湖路二段103巷),內湖路二段103巷76號(對面),19,11,7
2022-09-03 16:07:43,內湖區,YouBike2.0_貿七社區,內湖路二段179巷48弄17號(旁),17,12,5
2022-09-03 16:04:12,內湖區,YouBike2.0_內湖區農會,內湖路二段334號(前),12,5,7
2022-09-03 15:39:38,內湖區,YouBike2.0_捷運內湖站(2號出口),成功路四段167巷6弄2號(旁),10,5,3
2022-09-03 14:51:39,內湖區,YouBike2.0_康寧金湖路口,康寧路一段273號(對面),14,6,8
2022-09-03 13:41:04,內湖區,YouBike2.0_康寧路一段156巷20弄口,康寧路一段156巷/康寧路一段156巷20弄(西側),17,0,17
2022-09-03 14:53:12,內湖區,YouBike2.0_安康公園,五分街14巷31號(對面),19,3,16
2022-09-03 15:13:38,內湖區,YouBike2.0_安泰街83巷,安泰街83巷3號(對面),20,2,18
2022-09-01 18:03:14,內湖區,YouBike2.0_內溝溪生態展示館,康樂街236-3號(前),8,5,3
2022-09-03 15:41:39,內湖區,YouBike2.0_捷運港墘站(2號出口),內湖路一段520號,27,17,10
2022-09-03 15:20:40,內湖區,YouBike2.0_東湖國中,康樂街125巷4號(對面),16,3,13
2022-09-03 10:12:13,內湖區,YouBike2.0_石潭公園(安康路),安康路28號西北側,20,5,15
2022-09-03 15:59:38,內湖區,YouBike2.0_內湖垃圾焚化廠,安康路290號西側,20,14,6
2022-09-03 14:45:39,內湖區,YouBike2.0_康寧公園(北側),康寧路三段60號南側,20,4,16
2022-09-03 12:02:13,內湖區,YouBike2.0_康寧路三段54巷口,康寧路三段54-5號西側,15,4,11
2022-09-03 13:56:39,內湖區,YouBike2.0_行善路25巷口,行善路39號(前),14,6,8
2022-09-03 15:30:26,內湖區,YouBike2.0_新明路460巷口,南京東路六段122號(斜前方),15,11,4
2022-09-03 10:34:39,內湖區,YouBike2.0_下灣公園,民權東路六段206巷/民權東路六段190巷75弄(西北側),16,5,11
2022-09-03 14:03:38,內湖區,YouBike2.0_民權東路六段245巷口,民權東路六段247號(前),12,3,9
2022-09-03 14:12:12,內湖區,YouBike2.0_星雲金湖街口,星雲街210巷11-15號旁,14,3,11
2022-09-03 15:11:13,內湖區,YouBike2.0_東湖國小,東湖路與東湖路113巷口東側,22,13,9
2022-09-03 15:52:39,內湖區,YouBike2.0_捷運內湖站(1號出口),成功路四段182巷/成功路四段口(西側),18,7,11
2022-09-03 14:16:12,內湖區,YouBike2.0_瑞光港墘路口,港墘路185號前,12,4,8
2022-09-03 16:08:17,內湖區,YouBike2.0_瑞湖陽光街口,瑞湖街101號對側,19,7,12
2022-09-03 15:48:11,內湖區,YouBike2.0_金龍公園,金龍路112巷口(金龍公園側),15,3,12
2022-09-03 15:36:12,內湖區,YouBike2.0_星雲街138巷1弄口,星雲街138巷18號,15,9,6
2022-09-03 12:21:04,內湖區,YouBike2.0_東湖一號公園,康寧路三段189巷163弄13號東南側,10,0,10
2022-09-03 14:59:39,內湖區,YouBike2.0_東湖二號公園,康寧路三段99巷39弄70號東南側,15,6,9
2022-09-03 15:11:13,內湖區,YouBike2.0_康湖二號公園(康寧醫院),成功路五段420巷17號東側,16,10,6
2022-09-03 12:58:38,內湖區,YouBike2.0_堤頂大道新湖一路口,堤頂大道一段215號前,13,8,5
2022-09-03 14:39:38,內湖區,YouBike2.0_下灣公園(成功路),成功路二段189號北側,16,2,14
2022-09-03 13:18:12,內湖區,YouBike2.0_舊宗行善路口,行善路179號西側,9,3,6
2022-09-03 14:41:39,內湖區,YouBike2.0_新湖二路250巷口,新湖二路/新湖二路250巷(西南側),20,9,11
2022-09-03 15:31:12,內湖區,YouBike2.0_成功路四段41巷口,成功路四段41巷6號前側,12,7,5
2022-09-03 14:32:13,內湖區,YouBike2.0_金湖星雲街口,金湖路83號對側,30,22,8
2022-09-03 15:32:42,內湖區,YouBike2.0_國防醫學院,民權東路六段161號前側,15,4,11
2022-09-03 01:42:38,內湖區,YouBike2.0_民權東路六段190巷117弄口,民權東路六段190巷117弄15號對側,15,5,10
2022-09-03 15:57:12,內湖區,YouBike2.0_內湖運動中心,洲子街12號前,21,13,8
2022-09-03 14:57:38,內湖區,YouBike2.0_九華公園,文湖街21巷68弄25-6號北側,16,4,10
2022-09-03 12:08:38,內湖區,YouBike2.0_內湖路二段179巷口,內湖路二段179巷242號對側,16,5,11
2022-09-03 15:27:12,內湖區,YouBike2.0_行善行愛路口,行善路243號(前),12,5,7
2022-09-03 15:46:39,內湖區,YouBike2.0_民善新湖二路口(家樂福內湖店),民善街88號(旁),23,7,15
2022-09-03 09:59:13,內湖區,YouBike2.0_統振大樓,安美街181號前,25,10,15
2022-09-03 14:04:38,內湖區,YouBike2.0_陽光街161巷口,陽光街161巷14號對側,16,12,4
2022-08-29 01:53:03,內湖區,YouBike2.0_潭美公園(南京東路六段368巷),南京東路六段366號對側,12,0,12
2022-09-03 16:06:13,內湖區,YouBike2.0_西康二號公園,文湖街60巷/環山路一段24巷(北側),21,9,12
2022-09-03 12:40:38,內湖區,YouBike2.0_三民國中(民權東路六段47巷),民權東路六段47巷6號對側,13,6,7
2022-09-03 13:16:39,內湖區,YouBike2.0_瑞光路76巷口,瑞光路102號前,12,7,5
2022-09-03 14:44:16,內湖區,YouBike2.0_捷運東湖站,安康路315巷/五分街14巷(西側),18,11,7
2022-09-03 11:56:13,內湖區,YouBike2.0_新湖國小,民權東路六段/成功路二段320巷31弄(東南側),12,1,11
2022-09-03 15:59:38,內湖區,YouBike2.0_碧山內湖路口,內湖路三段72巷15號西側,16,3,13
2022-09-03 12:15:40,內湖區,YouBike2.0_民權東路六段413巷,民權東路六段409號前,16,2,14
2022-09-03 11:38:12,內湖區,YouBike2.0_宏匯瑞光廣場(瑞光路),瑞光路353號前(瑞光路側人行道),16,3,13
2022-09-03 15:15:13,內湖區,YouBike2.0_宏匯瑞光廣場(港墘路),瑞光路355號前(港墘路側人行道),20,14,5
2022-09-03 14:24:38,內湖區,YouBike2.0_康樂街151巷,康樂街151巷/康樂街,14,10,4
2022-09-03 15:38:38,內湖區,YouBike2.0_內湖路一段360巷,內湖路一段358號,15,2,13
2022-09-03 12:59:38,內湖區,YouBike2.0_成功路三段83號前,成功路三段83號前,11,4,7
2022-09-03 15:46:12,內湖區,YouBike2.0_內湖路一段47巷,內湖路一段47巷/內湖路一段47巷22弄,16,8,7
2022-09-03 10:06:39,內湖區,YouBike2.0_陽光舊宗路口,陽光街/舊宗路二段,20,2,18
2022-09-02 23:34:12,內湖區,YouBike2.0_安湖公園,東湖路113巷95弄/康寧路三段75巷,8,3,5
2022-09-03 14:50:20,內湖區,YouBike2.0_湖興公園,成功路二段250巷23弄/成功路二段312巷,16,3,13
2022-09-03 11:49:13,內湖區,YouBike2.0_安泰街(康樂橋下),安泰街(康樂橋下),15,3,12
2022-09-03 15:20:40,內湖區,YouBike2.0_康樂綠地,康樂街191巷/康樂街,15,3,12
2022-09-03 14:52:12,內湖區,YouBike2.0_捷運港墘站(1號出口),內湖路一段663號前,23,14,9
2022-09-03 14:46:13,內湖區,YouBike2.0_明美公園(行善路333巷),行善路333巷92號前,16,4,12
2022-09-03 16:08:17,北投區,YouBike2.0_承德路七段304巷口,承德路七段306-308號(前),20,13,7
2022-09-03 13:36:13,北投區,YouBike2.0_洲美運動公園,洲美街271號(對面),20,8,12
2022-09-03 14:04:12,北投區,YouBike2.0_榮華二明德路口,明德路212號(榮華二路側人行道),30,8,22
2022-09-03 15:43:38,北投區,YouBike2.0_捷運明德站(1號出口),西安街一段明德路口(東南側),23,16,7
2022-09-03 12:41:04,北投區,YouBike2.0_文林建民路口,文林北路214-216號(前),12,0,12
2022-09-03 13:56:15,北投區,YouBike2.0_永欣綠地,行義路10巷2號(旁),10,8,2
2022-09-03 13:56:39,北投區,YouBike2.0_關渡宮,知行路360號(旁),20,14,6
2022-09-03 15:12:13,北投區,YouBike2.0_關渡自然公園,關渡路68號(對面),22,12,10
2022-09-03 14:20:40,北投區,YouBike2.0_關渡醫院,知行路235巷7號(對面),14,8,6
2022-09-03 15:59:12,北投區,YouBike2.0_捷運忠義站(1號出口),中央北路四段262號(對面),17,9,8
2022-09-03 15:19:12,北投區,YouBike2.0_捷運關渡站(1號出口),大度路三段270巷/立功街55巷(西南側),54,5,49
2022-09-03 16:05:39,北投區,YouBike2.0_捷運關渡站(2號出口),捷運關渡站2號出口外人行道,14,8,6
2022-09-03 12:15:40,北投區,YouBike2.0_中央北路四段540巷口,中央北路四段529號(對面),11,5,6
2022-09-03 14:26:38,北投區,YouBike2.0_大度立德路口,大度路三段立德路口(西北側),18,5,13
2022-09-03 15:52:39,北投區,YouBike2.0_捷運復興崗站(1號出口),中央北路三段9-1號(對面),13,7,6
2022-09-03 11:57:04,北投區,YouBike2.0_捷運復興崗站旅客服務中心,中央北路三段185號(前方),15,9,5
2022-09-02 13:40:48,北投區,YouBike2.0_豐年公園,大業路529號(對面),20,11,9
2022-09-03 13:06:12,北投區,YouBike2.0_稻香重三路口,稻香重三路口(對面路側),15,6,7
2022-09-03 15:53:12,北投區,YouBike2.0_國防大學政治作戰學院,中央北路二段167號(對面),14,10,4
2022-09-03 14:07:13,北投區,YouBike2.0_秀山區民活動中心,秀山路50號(旁),10,2,8
2022-09-03 15:59:38,北投區,YouBike2.0_大業大同街口,大業路671號(對面),42,24,18
2022-09-03 15:45:13,北投區,YouBike2.0_捷運新北投站,中和街10號(對面),22,16,6
2022-09-03 16:05:14,北投區,YouBike2.0_捷運北投站,光明路2巷3號(對面),30,5,25
2022-09-03 16:08:45,北投區,YouBike2.0_捷運奇岩站(三合街),三合街二段486號(旁),30,12,17
2022-09-03 15:38:12,北投區,YouBike2.0_八仙里辦公處,北投路一段臨20號(旁),16,8,8
2022-09-03 16:06:13,北投區,YouBike2.0_清江國小,公舘路198號(對面),48,19,23
2022-09-03 14:45:39,北投區,YouBike2.0_大業路300巷口,大業路302號(前),20,15,5
2022-07-24 15:13:11,北投區,YouBike2.0_立農公園,承德路七段/吉利街(西北側),21,0,0
2022-09-03 15:48:11,北投區,YouBike2.0_北投奇岩長青樂活大樓,三合街一段119號(前),15,5,10
2022-09-03 15:40:39,北投區,YouBike2.0_捷運唭哩岸站(2號出口),西安街二段345-349號(對面),30,7,23
2022-09-03 16:06:04,北投區,YouBike2.0_北投運動中心,石牌路一段39巷100號(旁),17,4,13
2022-09-03 14:07:04,北投區,YouBike2.0_陽明大學,東華街二段136號(對面),15,0,14
2022-09-03 16:08:17,北投區,YouBike2.0_捷運石牌站(2號出口),東華街一段526號(對面),37,7,30
2022-09-03 14:41:39,北投區,YouBike2.0_台北護理大學,石牌路二段100號(前),25,19,3
2022-09-03 15:44:11,北投區,YouBike2.0_捷運石牌站(1號出口),石牌路一段139號(對面),20,3,17
2022-09-03 14:45:15,北投區,YouBike2.0_振興醫院,明德路365號(前),36,7,29
2022-09-03 15:44:11,北投區,YouBike2.0_石牌國小,石牌路一段142號(對面),26,18,8
2022-09-03 14:25:39,北投區,YouBike2.0_振興公園,天母西路109號(對面),13,8,5
2022-09-03 16:01:12,北投區,YouBike2.0_立農國小,立農街一段201號(對面),19,11,8
2022-09-03 13:22:38,北投區,YouBike2.0_承德路七段280巷口,承德路七段260號(前),17,9,6
2022-09-03 11:50:21,北投區,YouBike2.0_石牌區民活動中心,自強街61巷8號(旁),15,4,11
2022-09-03 14:12:12,北投區,YouBike2.0_榮富公園,榮華三路2號(旁),13,3,10
2022-09-03 13:47:13,北投區,YouBike2.0_中正高中,文林北路77號(前),31,12,19
2022-09-03 14:34:48,北投區,YouBike2.0_立功立德路口,立德路15號(前),32,14,18
2022-09-03 16:02:12,北投區,YouBike2.0_中央北路四段30巷口,中央北路四段32號(旁),10,5,5
2022-09-03 14:59:39,北投區,YouBike2.0_陽明交大圖書館,陽明交大圖書館後方機車停車場,37,12,25
2022-09-03 15:30:17,北投區,YouBike2.0_捷運新北投站(2號出口),光明路225號(對面),11,0,11
2022-09-03 11:57:04,北投區,YouBike2.0_復興公園,中和街61號對側,14,9,5
2022-09-03 14:24:38,北投區,YouBike2.0_承德石牌路口,承德路七段與石牌路一段口北側,17,4,13
2022-09-03 10:49:12,北投區,YouBike2.0_承德路七段188巷口,承德路七段192-198號前,16,7,9
2022-09-03 15:08:12,北投區,YouBike2.0_捷運明德站(3號出口),明德路95號,20,18,2
2022-09-03 16:08:17,北投區,YouBike2.0_大豐公園,大興街145號前,24,6,18
2022-09-03 08:26:12,北投區,YouBike2.0_洲美公園,福美路199號旁,30,14,16
2022-09-03 14:11:39,北投區,YouBike2.0_中和街455巷11弄,中和街455巷11弄6-8號(前),13,3,10
2022-09-03 10:45:38,北投區,YouBike2.0_洲美蜆仔港公園,洲美蜆仔港公園西南側(福美路側),20,6,14
2022-09-03 16:08:45,北投區,YouBike2.0_文化三杏林一路口,杏林一路3號(旁),17,3,9
2022-09-03 15:04:13,北投區,YouBike2.0_珠海復興一路口,珠海路/復興一路口(東側),15,3,12
2022-09-03 14:24:38,北投區,YouBike2.0_裕民二路33巷,裕民二路33巷/裕民六路(西北側),15,7,8
2022-09-03 15:01:13,北投區,YouBike2.0_新奇岩社會住宅,磺港路269-271號(旁),12,5,4
2022-09-03 08:50:20,北投區,YouBike2.0_泉源公園,珠海路145號(對側公園),15,13,2
2022-09-03 16:00:35,北投區,YouBike2.0_奇岩4號綠地,三合街一段79巷16號(對面),12,1,11
2022-09-03 15:46:39,北投區,YouBike2.0_臺北健康護理大學(教研大樓),石牌路二段185號對側,15,8,7
2022-09-03 10:55:19,北投區,YouBike2.0_奇岩一號公園,磺港路/清江路177巷(東側),24,7,17
2022-09-03 12:09:39,北投區,YouBike2.0_福星公園,文林北路280號(對側公園),18,10,8
2022-09-03 15:23:12,北投區,YouBike2.0_中庸公園,珠海路1號旁,12,4,8
2022-09-03 10:53:39,北投區,YouBike2.0_豐年公園_1,大業路539號,18,12,6
2022-09-03 15:41:13,北投區,YouBike2.0_光明溫泉路口,光明路148號對側人行道,20,10,10
2022-09-03 12:32:39,北投區,YouBike2.0_和信治癌中心醫院,立德路125號,18,9,9
2022-09-03 14:18:13,北投區,YouBike2.0_致遠新村,秀山路26號(懷遠新村社區入口南側),15,9,6
2022-09-03 16:06:39,北投區,YouBike2.0_北投公園露天溫泉,中山路6號西側(北投溪木道西側),15,3,12
2022-09-03 08:40:38,北投區,YouBike2.0_中和街493巷9弄口,中和街493巷9弄2號對側,16,7,9
2022-09-03 16:08:17,北投區,YouBike2.0_捷運北投站(1號出口),光明路2巷/光明路交叉口,32,17,15
2022-09-03 13:44:12,北投區,YouBike2.0_石牌立農街口,石牌路二段/立農街二段口,29,7,22
2022-09-03 02:44:12,北投區,YouBike2.0_大興光明路2巷口,大興街50號對側人行道,14,3,11
2022-09-02 09:35:17,北投區,YouBike2.0_捷運忠義站(2號出口),捷運忠義站(2號出口)無障礙坡道旁,20,5,15
2022-09-03 16:07:12,松山區,YouBike2.0_捷運松山站(4號出口),八德路四段742號,19,4,15
2022-09-03 15:27:12,松山區,YouBike2.0_塔悠八德路口,塔悠路2號(旁),34,3,31
2022-09-03 15:40:39,松山區,YouBike2.0_鵬程公園,健康路399號北側,24,4,20
2022-09-03 16:02:38,松山區,YouBike2.0_中崙高中,八德路四段91巷9號(對面),47,21,26
2022-09-03 15:57:12,松山區,YouBike2.0_捷運南京三民站(2號出口),南京東路五段156號(前),19,5,14
2022-09-03 16:05:14,松山區,YouBike2.0_捷運南京三民站(1號出口),捷運南京三民站(1號出口),21,2,19
2022-09-03 15:47:12,松山區,YouBike2.0_光復北路11巷口,光復北路13號(旁),23,8,15
2022-09-03 15:57:04,松山區,YouBike2.0_捷運南京三民站(4號出口),南京東路五段229號(前),13,0,13
2022-09-03 15:25:39,松山區,YouBike2.0_西松高中,健康路325巷5弄5號(前),14,2,12
2022-09-03 15:34:38,松山區,YouBike2.0_民權復興路口,民權東路三段119號(前),27,19,8
2022-09-03 14:35:38,松山區,YouBike2.0_民福三號綠地,民族東路712號(對面),15,12,3
2022-09-03 16:07:43,松山區,YouBike2.0_民有一號公園,敦化北路244巷43號(對面),30,20,10
2022-09-03 16:08:17,松山區,YouBike2.0_民生敦化路口,敦化北路216號(對面),51,14,24
2022-09-03 15:11:13,松山區,YouBike2.0_松基公園,長春路432號(對面),20,14,6
2022-09-03 15:53:39,松山區,YouBike2.0_三民路166巷口,三民路166巷1號(對面),17,3,10
2022-09-03 16:07:12,松山區,YouBike2.0_民生活動中心,民生東路五段163-1號(前),26,12,14
2022-09-03 15:31:12,松山區,YouBike2.0_捷運小巨蛋站(2號出口),南京東路四段6號(前),26,15,8
2022-09-03 16:09:04,松山區,YouBike2.0_臺北市藝文推廣處,八德路三段25號(前),45,45,0
2022-09-03 16:04:12,松山區,YouBike2.0_民生國小(敦化北路199巷),敦化北路199巷15號(旁),20,11,9
2022-09-03 15:48:11,松山區,YouBike2.0_敦北公園,敦化北路/富錦街77巷口(東南側),34,17,15
2022-09-03 14:06:12,松山區,YouBike2.0_民權運動公園,民權東路四段/新中街口(西南側),21,13,8
2022-09-03 15:53:12,松山區,YouBike2.0_新東公園,民生東路五段/塔悠路口(西南側),26,18,2
2022-09-03 16:08:45,松山區,YouBike2.0_民生光復路口,光復北路266號(前),23,17,5
2022-09-03 15:56:38,松山區,YouBike2.0_三民公園,撫遠街298號對側公園,22,17,5
2022-09-03 15:36:12,松山區,YouBike2.0_八德路三段74巷口,八德路三段74巷95號南側,17,6,11
2022-09-03 15:26:39,松山區,YouBike2.0_八德路三段8巷口,市民大道四段123號,15,2,13
2022-09-03 14:57:12,松山區,YouBike2.0_三軍總醫院(松山分院),光復北路/光復北路190巷口(東南側),25,7,18
2022-09-03 16:08:45,松山區,YouBike2.0_平安新城,延壽街356巷/延壽街330巷16弄(東北側),16,1,15
2022-09-03 14:50:38,松山區,YouBike2.0_健康社會住宅,健康路305號(前),20,9,11
2022-09-03 16:05:39,松山區,YouBike2.0_民權光復路口(東北側),民權東路四段/光復北路(東北側),24,2,22
2022-09-03 15:26:12,松山區,YouBike2.0_市民東興路口,東興路33號南側,16,5,10
2022-09-03 15:44:11,松山區,YouBike2.0_光復南路22巷口,光復南路19號西側,29,13,16
2022-09-03 16:05:14,松山區,YouBike2.0_光復南路58巷,光復南路58巷11號東側,12,1,11
2022-09-03 15:33:12,松山區,YouBike2.0_松山新城,健康路78號(對面),14,11,3
2022-09-03 16:08:17,松山區,YouBike2.0_內政部營建署,八德路二段342號(前),30,0,30
2022-09-03 16:06:13,松山區,YouBike2.0_南京光復路口,南京東路四段186號前,21,9,11
2022-09-03 15:32:04,松山區,YouBike2.0_民生立體停車場,民生東路五段84號前,10,1,9
2022-09-03 14:50:12,松山區,YouBike2.0_健康新城,健康路179號前,32,0,32
2022-09-03 15:49:38,松山區,YouBike2.0_健安新城,三民路43巷1號前,30,15,10
2022-09-03 15:50:20,松山區,YouBike2.0_復盛公園,八德路四段106巷/八德路四段106巷6弄口(東側),10,2,8
2022-09-03 15:29:38,松山區,YouBike2.0_中崙福成宮,市民大道四段73號前,17,4,11
2022-09-03 16:07:12,松山區,YouBike2.0_捷運南京復興站(7號出口),慶城街1號(東南側),15,8,7
2022-09-03 16:05:39,松山區,YouBike2.0_捷運南京復興站(5號出口),南京東路三段262號,35,24,11
2022-09-03 15:29:38,松山區,YouBike2.0_塔悠疏散門,民權東路五段41之1號,32,19,13
2022-09-03 15:44:11,松山區,YouBike2.0_臺北田徑場,敦化北路/八德路三段(東北側),42,20,22
2022-09-03 15:54:39,松山區,YouBike2.0_捷運小巨蛋站(5號出口),南京東路四段75-1號前,22,9,13
2022-09-03 16:07:43,松山區,YouBike2.0_敦化長春路口,敦化北路112號前,22,14,6
2022-09-03 15:53:12,松山區,YouBike2.0_饒河疏散門(基四號疏散門),松河街182號對側,19,10,9
2022-09-03 15:51:13,松山區,YouBike2.0_捷運松山站(2號出口),八德路四段685號前,14,4,10
2022-09-03 14:56:04,松山區,YouBike2.0_民權東路三段106巷口,民權東路三段102號前,22,0,22
2022-09-03 16:00:35,松山區,YouBike2.0_南京東路五段59巷口,南京東路五段57號(前),11,7,4
2022-09-03 13:43:39,松山區,YouBike2.0_三民公園(塔悠路),塔悠路/撫遠街261巷(西側),20,16,4
2022-09-03 15:53:39,松山區,YouBike2.0_寶清公園,寶清街/寶清街30巷(北側),13,9,3
2022-09-03 15:44:38,松山區,YouBike2.0_西松公園,健康路/南京東路五段251巷50弄(西側),11,1,10
2022-09-03 15:49:12,松山區,YouBike2.0_長壽公園,健康路174號(旁),15,6,9
2022-09-03 16:00:35,松山區,YouBike2.0_復源公園,八德路三段106巷62號(對面),14,6,8
2022-09-03 16:05:05,松山區,YouBike2.0_南京東路四段179巷口,南京東路四段163號(前),13,12,1
2022-09-03 15:48:11,松山區,YouBike2.0_臺北田徑場(北寧路側),八德路三段25號前,24,9,15
2022-09-03 15:14:12,松山區,YouBike2.0_西松高中(健康路325巷),健康路325巷 / 健康路325巷12弄口(東北側),13,1,11
2022-09-03 16:08:17,松山區,YouBike2.0_南京東興路口,南京東路五段 / 東興路口(北側),18,2,16
2022-09-03 15:48:38,松山區,YouBike2.0_捷運松山站(3號出口),松山路/市民大道六段(西北側捷運3號出口),30,8,22
2022-09-03 15:52:12,松山區,YouBike2.0_介壽國中,民生東路五段36巷/光復北路165巷,12,6,6
2022-09-03 15:57:39,松山區,YouBike2.0_敦化南京路口(東北側),敦化北路/南京東路四段,14,1,13
2022-09-03 16:07:43,松山區,YouBike2.0_敦化八德路口,敦化南路一段/八德路二段(西南側),20,7,13
2022-09-03 15:57:12,松山區,YouBike2.0_新東街51巷口,三民路 / 新東街51巷口(東側),18,11,7
2022-09-03 15:55:19,松山區,YouBike2.0_八德立體停車場,八德路/松信路(西南側),16,8,8
2022-09-03 15:44:11,松山區,YouBike2.0_長春慶城街口,長春路431號前,16,5,11
2022-09-03 14:38:04,松山區,YouBike2.0_八德路四段652巷口,八德路四段650號南側,20,0,20
2022-09-03 15:05:13,松山區,YouBike2.0_捷運松山站(1號出口),八德路四段711號前,16,8,8
2022-09-03 15:29:12,松山區,YouBike2.0_捷運小巨蛋站(3號出口),南京東路四段12號前,15,4,11
2022-09-03 16:02:04,松山區,YouBike2.0_捷運小巨蛋站(5號出口)_1,南京東路四段/健康路(西北側),20,0,20
2022-09-03 15:44:11,松山區,YouBike2.0_民生復興路口,民生東路三段/復興北路(東南側),17,2,15
2022-09-03 15:09:12,南港區,YouBike2.0_南港公園(東新街),東新街170巷1號西南側,20,6,14
2022-09-03 16:05:39,南港區,YouBike2.0_南港公園(福德街),福德街383號北側,32,23,9
2022-09-03 15:57:39,南港區,YouBike2.0_捷運昆陽站(1號出口),忠孝東路六段403號,58,24,34
2022-08-04 14:48:12,南港區,YouBike2.0_忠孝東路六段225巷口,忠孝東路六段219號,35,0,0
2022-09-03 16:08:45,南港區,YouBike2.0_捷運後山埤站(1號出口),中坡北路7號東側,45,18,27
2022-09-03 16:07:12,南港區,YouBike2.0_合樂公園,玉成街46號東側,15,5,10
2022-09-03 16:07:12,南港區,YouBike2.0_合心廣場,忠孝東路六段17號東北側,38,13,25
2022-09-03 16:02:12,南港區,YouBike2.0_成德國中,東新街118巷15號南側,26,13,13
2022-09-03 16:04:38,南港區,YouBike2.0_玉成公園,玉成街247號對側,26,19,5
2022-09-03 14:59:12,南港區,YouBike2.0_研究院舊莊街口,舊莊街一段1號西側,30,8,22
2022-09-03 15:56:12,南港區,YouBike2.0_中研院綜合體育館東側,研究院路二段128號(體育館),30,19,11
2022-09-03 15:02:38,南港區,YouBike2.0_國家生技園區,研究院路一段130巷99號(國家生技園區),20,11,9
2022-09-03 16:05:14,南港區,YouBike2.0_捷運南港展覽館站(5號出口),研究院路一段1號(5號出口),56,19,37
2022-09-03 15:53:12,南港區,YouBike2.0_中研公園,研究院路二段12巷58弄9號西側,40,29,11
2022-09-03 15:57:12,南港區,YouBike2.0_福山公園,福山街44巷27號東南側,20,15,5
2022-09-03 15:47:38,南港區,YouBike2.0_舊莊區民活動中心,舊莊街一段91巷11號西南側,18,6,12
2022-09-03 12:54:12,南港區,YouBike2.0_凌雲市場,研究院路三段68巷9號北側,20,13,7
2022-09-03 15:54:39,南港區,YouBike2.0_市民大道八段532號,市民大道八段532號北側,15,2,13
2022-09-03 16:03:13,南港區,YouBike2.0_捷運南港軟體園區(2號出口),經貿二路183號(2號出口),34,10,24
2022-09-03 15:46:39,南港區,YouBike2.0_南港國小,惠民街67號東南側,30,21,9
2022-09-03 12:11:13,南港區,YouBike2.0_興中立體停車場(興中路),興中路44巷1號東側,26,12,14
2022-09-03 15:36:12,南港區,YouBike2.0_臺北市立圖書館南港分館,南港路一段350號,40,18,22
2022-09-03 15:55:19,南港區,YouBike2.0_東陽公園,重陽路125巷34號東側,30,12,18
2022-09-03 15:34:38,南港區,YouBike2.0_向陽南港路口,向陽路49號北側,21,6,15
2022-09-03 15:47:38,南港區,YouBike2.0_南港車站(忠孝東路七段415巷),忠孝東路七段510號西北側,11,8,3
2022-09-03 15:40:20,南港區,YouBike2.0_捷運南港站(2號出口),忠孝東路七段380號(2號出口),17,5,12
2022-09-03 12:17:39,南港區,YouBike2.0_捷運南港站(1號出口),忠孝東路七段380號(1號出口),20,4,16
2022-09-03 16:08:45,南港區,YouBike2.0_東新國小,東明街68號北側,22,3,19
2022-09-03 11:39:39,南港區,YouBike2.0_中華科技大學,研究院路三段246號東側,20,12,8
2022-09-03 11:36:13,南港區,YouBike2.0_六福公園,研究院路二段35巷23弄25號北側,19,12,7
2022-09-03 15:59:38,南港區,YouBike2.0_南港加壓站,研究院路二段3巷1號西側,24,13,11
2022-09-03 13:54:13,南港區,YouBike2.0_台北流行音樂中心(南港路),南港路二段200-1號南側,21,7,14
2022-09-03 15:33:12,南港區,YouBike2.0_興南公園,重陽路269號南側,26,9,17
2022-09-03 14:47:12,南港區,YouBike2.0_台北流行音樂中心(市民大道),市民大道八段99號,21,8,13
2022-09-03 15:55:19,南港區,YouBike2.0_南港車站(市民大道),南港路一段313號(市民大道),30,8,22
2022-09-03 14:01:12,南港區,YouBike2.0_忠孝東路七段527巷口,忠孝東路七段552號,15,2,13
2022-09-03 15:28:12,南港區,YouBike2.0_南港軟體園區(新民街),新民街15號北側,19,8,11
2022-09-03 15:31:39,南港區,YouBike2.0_世貿公園,經貿二路188-1號,35,15,20
2022-09-03 14:06:38,南港區,YouBike2.0_凌雲五村(研究院路三段8巷),研究院路三段10巷1號東側,26,6,20
2022-09-03 14:01:12,南港區,YouBike2.0_新新公園(昆陽街60巷),南港路三段47巷8號南側,20,3,17
2022-09-03 14:18:13,南港區,YouBike2.0_南港高中(昆陽街),昆陽街58號東側,14,5,9
2022-09-03 15:31:39,南港區,YouBike2.0_南港路三段290巷口,南港路三段314巷20號,20,12,8
2022-09-03 14:40:48,南港區,YouBike2.0_南港路三段220巷口,南港路三段133號,25,11,14
2022-09-03 08:33:38,南港區,YouBike2.0_南港東新街口,東新街4號東側,28,4,24
2022-09-03 15:36:12,南港區,YouBike2.0_八德中坡路口,八德路四段873號,26,5,21
2022-09-03 15:58:12,南港區,YouBike2.0_捷運後山埤站(3號出口),玉成街150號,12,8,4
2022-09-03 15:41:39,南港區,YouBike2.0_玉成公園運動中心,中坡南路19號,15,9,4
2022-09-03 15:03:12,南港區,YouBike2.0_百福公園,福德街309巷7號南側,18,9,9
2022-09-03 12:31:12,南港區,YouBike2.0_南湖大橋(經貿二路255巷),經貿二路255巷1號,20,5,15
2022-09-03 13:53:39,南港區,YouBike2.0_園區重陽路口,重陽路458號西側,13,9,4
2022-09-03 16:04:38,南港區,YouBike2.0_南港車站B棟(市民大道),忠孝東路七段359號(市民大道),16,15,1
2022-09-03 14:10:19,南港區,YouBike2.0_胡適公園,研究院路二段/研究院路二段132巷北側,20,7,13
2022-09-03 10:38:04,南港區,YouBike2.0_南港抽水站,重陽路505號,15,0,15
2022-09-03 12:47:38,南港區,YouBike2.0_經貿公園,經園街58號北側,20,7,13
2022-09-03 13:39:12,南港區,YouBike2.0_育成高中,惠民街71號西側,20,5,15
2022-09-03 15:35:38,南港區,YouBike2.0_捷運南港展覽館站(7號出口),富康街1巷16弄2號東側,20,3,17
2022-09-03 15:56:12,南港區,YouBike2.0_力行橋(南港),研究院路一段101巷16弄2號南側,18,9,9
2022-09-03 15:38:38,南港區,YouBike2.0_舊莊國小(舊莊街一段),舊莊街一段/舊莊街一段145巷口,15,4,11
2022-09-03 15:44:11,南港區,YouBike2.0_向陽公園,成功路一段76號對側,17,10,7
2022-09-03 14:47:12,南港區,YouBike2.0_小彎社會住宅,向陽路258巷/重陽路39巷口(西南側),36,13,23
2022-09-03 08:02:12,南港區,YouBike2.0_捷運南港展覽館站(6號出口),南港路一段28號旁,25,6,19
2022-09-03 14:00:31,南港區,YouBike2.0_捷運南港展覽館站(4號出口),南港路一段32號(4號出口),22,11,11
2022-09-03 16:02:38,南港區,YouBike2.0_成德綠地,東新街65號東南側,17,9,5
2022-09-03 12:06:13,南港區,YouBike2.0_南港公園(東新街170巷),東新街170巷63號對側,16,3,13
2022-09-03 15:20:40,南港區,YouBike2.0_中坡市民路口(東北側),中坡北路/市民大道七段路口(東北側),19,8,11
2022-09-03 15:12:13,南港區,YouBike2.0_昆陽公園,昆陽街173號對側,14,5,9
2022-09-03 14:39:11,南港區,YouBike2.0_南港路二段178巷口,南港路二段 / 南港路二段178巷口(北側),18,9,9
2022-09-03 15:23:39,南港區,YouBike2.0_南港車站(忠孝東路),忠孝東路七段與忠孝東路七段415巷交叉口,20,7,13
2022-09-03 16:07:43,南港區,YouBike2.0_南港車站(興華路),興華路/市民大道八段路口西北側人行道,21,2,19
2022-09-03 16:04:12,南港區,YouBike2.0_玉成公園(成福路178巷口),成福路178巷8號對側,18,8,8
2022-09-03 15:37:38,南港區,YouBike2.0_玉東公園(東新街),東新街/市民大道七段(北側),14,2,12
2022-09-03 15:51:13,南港區,YouBike2.0_南港出租國宅社區,福德街373巷80號前,25,4,21
2022-09-03 15:13:12,南港區,YouBike2.0_成福路197巷口,成福路197巷/成福路,15,1,12
2022-09-03 10:17:38,南港區,YouBike2.0_南港疏散門(基三號疏散門),松河街398號對側,11,7,4
2022-09-03 10:44:04,南港區,YouBike2.0_南港路三段80巷,南港路三段/南港路三段80巷,15,0,15
2022-09-01 09:05:39,南港區,YouBike2.0_內湖機廠(港東街),經貿一路77號(港東街),15,9,6
2022-09-03 16:05:39,信義區,YouBike2.0_黎忠區民活動中心,和平東路三段391巷16號,16,4,10
2022-09-03 16:03:39,信義區,YouBike2.0_基隆路二段159巷口,基隆路二段155號,14,1,13
2022-09-03 15:30:26,信義區,YouBike2.0_嘉興街175巷口,基隆路二段131-4號(前),16,4,12
2022-09-03 14:37:12,信義區,YouBike2.0_和平東路三段631巷口,和平東路三段633號前,15,6,9
2022-09-03 15:40:39,信義區,YouBike2.0_和平東路三段530巷口,和平東路三段530巷口東北側,15,6,9
2022-09-03 15:14:12,信義區,YouBike2.0_景勤二號公園,信安街50號(對面),41,17,24
2022-09-03 16:04:38,信義區,YouBike2.0_臺北醫學大學,台北醫學大學(吳興街220巷59弄),47,24,23
2022-09-03 14:48:12,信義區,YouBike2.0_三興公園,吳興街118巷35弄28號前方(三興公園),31,16,14
2022-09-03 15:26:12,信義區,YouBike2.0_松德站,松德路300號南側,38,23,15
2022-09-03 16:05:14,信義區,YouBike2.0_捷運象山站(2號出口),信義路五段128號東側,31,24,7
2022-09-03 16:03:39,信義區,YouBike2.0_象山公園,松仁路153巷15號東側,25,12,13
2022-09-03 16:01:12,信義區,YouBike2.0_松仁路253巷3弄,松仁路215巷6號,19,9,10
2022-09-03 15:51:13,信義區,YouBike2.0_興雅國中,松仁路101號東側,18,14,4
2022-09-03 16:00:35,信義區,YouBike2.0_捷運象山站(1號出口),信義路5段152號(1號出口),24,9,15
2022-09-03 15:59:12,信義區,YouBike2.0_松德路200巷,松德路200巷53號北側,41,28,13
2022-09-03 16:08:45,信義區,YouBike2.0_中全公園,虎林街164巷54號北側,17,1,16
2022-09-03 15:52:39,信義區,YouBike2.0_台北市災害應變中心,莊敬路391巷11弄2號(東北側),25,10,15
2022-09-03 15:10:20,信義區,YouBike2.0_信義運動中心,松勤街100號(前),33,5,28
2022-09-03 16:06:39,信義區,YouBike2.0_捷運台北101/世貿站(3號出口),信義路五段16號前,15,11,4
2022-09-03 15:52:48,信義區,YouBike2.0_景新公園,莊敬路239巷12號(對面),17,7,8
2022-09-03 16:01:39,信義區,YouBike2.0_光復信義路口東南側,光復南路485號前方,16,9,7
2022-09-03 16:08:17,信義區,YouBike2.0_三張犁,光復南路455號前方,36,16,17
2022-09-03 15:36:39,信義區,YouBike2.0_仁愛路四段496巷口,仁愛路四段與仁愛路四段496巷口西南側,34,7,27
2022-09-03 16:02:12,信義區,YouBike2.0_松山工農,忠孝東路五段236巷15號(前),34,11,23
2022-09-03 15:57:39,信義區,YouBike2.0_松友公園,信義路六段76巷2弄22號(對面),27,4,23
2022-09-03 16:06:13,信義區,YouBike2.0_林口公園,林口街82號(對面),41,8,33
2022-09-03 13:42:39,信義區,YouBike2.0_松山家商,松山路655號(前),25,10,15
2022-09-03 14:08:12,信義區,YouBike2.0_永春陂濕地公園,松山路721號(對面),23,7,16
2022-09-03 16:01:39,信義區,YouBike2.0_臺北市政府,台北市政府東門(松智路),63,5,58
2022-09-03 15:06:13,信義區,YouBike2.0_松智松壽路口,松智路/松壽路(西北側),39,17,22
2022-09-03 15:43:12,信義區,YouBike2.0_市府松壽路口,市府路/松壽路(東北側),28,15,13
2022-09-03 15:58:12,信義區,YouBike2.0_市府松高路口,市府路/松高路(東南側),54,2,52
2022-09-03 15:30:26,信義區,YouBike2.0_市民廣場,市府路/松壽路(西北側),30,8,22
2022-09-03 16:08:17,信義區,YouBike2.0_信義廣場(台北101),松智路/信義路(東北側),76,29,47
2022-09-03 16:04:12,信義區,YouBike2.0_捷運台北101/世貿站(5號出口),市府路/信義路(西北側),15,13,2
2022-09-03 15:29:38,信義區,YouBike2.0_春光公園,林口街230號(斜對面),24,19,5
2022-09-03 16:05:39,信義區,YouBike2.0_松仁路121巷口,松仁路123號北側,31,24,7
2022-09-03 16:04:12,信義區,YouBike2.0_福德國小,福德街251巷2號對側,27,9,18
2022-08-24 18:59:04,信義區,YouBike2.0_福德公園,大道路135號對側,22,0,22
2022-09-03 16:04:38,信義區,YouBike2.0_松高路(信義新天地A4館),松高路19號,17,8,9
2022-09-03 16:03:13,信義區,YouBike2.0_興雅松仁路口,松仁路28號北側,65,31,34
2022-09-03 14:51:13,信義區,YouBike2.0_福祥公園,松隆路99號西南側,19,15,4
2022-09-03 15:30:26,信義區,YouBike2.0_吳興公車總站,松仁路277號南側,44,21,23
2022-09-03 16:02:38,信義區,YouBike2.0_泰和公園,吳興街600巷81號西側,34,11,22
2022-09-03 15:39:38,信義區,YouBike2.0_興雅國小(基隆路一段37巷),基隆路一段83巷9號西側,15,5,10
2022-09-03 15:48:11,信義區,YouBike2.0_雅祥公園(松信路50巷口),松信路61號西側,12,4,5
2022-09-03 16:08:17,信義區,YouBike2.0_松山車站,松山路11號南側,53,22,31
2022-09-03 16:08:17,信義區,YouBike2.0_五常公園,松隆路161號對側,16,8,8
2022-09-03 16:05:39,信義區,YouBike2.0_永吉松信路口,松信路/永吉路西南側人行道,23,11,12
2022-09-03 16:00:35,信義區,YouBike2.0_三興國小,基隆路二段99-1號(前),22,12,10
2022-09-03 15:40:20,信義區,YouBike2.0_市民松信路口,市民大道六段/松信路口(西側),20,9,11
2022-09-03 16:07:43,信義區,YouBike2.0_松山高中,忠孝東路四段599巷36號對側,34,13,21
2022-09-03 15:59:38,信義區,YouBike2.0_基隆光復路口,基隆路二段/光復南路(東北側),17,6,11
2022-09-03 16:07:43,信義區,YouBike2.0_基隆忠孝路口西南側,忠孝東路四段550號,14,11,3
2022-09-03 14:56:12,信義區,YouBike2.0_泰和里民活動中心,松仁路308巷60號,18,3,10
2022-09-03 16:06:39,信義區,YouBike2.0_捷運後山埤站(2號出口),忠孝東路五段800號,22,11,11
2022-09-03 15:19:12,信義區,YouBike2.0_虎林永吉路口,永吉路356號東側,15,5,10
2022-09-03 16:07:12,信義區,YouBike2.0_永吉公園,永吉路326巷66號西側,18,2,16
2022-09-03 15:53:12,信義區,YouBike2.0_永吉路321巷口,永吉路323號西側,15,4,9
2022-09-03 14:52:12,信義區,YouBike2.0_松山永吉路口,松山路166號,20,10,10
2022-09-03 16:08:17,信義區,YouBike2.0_松山路292巷口,松山路279號,17,3,14
2022-09-03 15:45:13,信義區,YouBike2.0_捷運象山站(3號出口),信義路五段/信義路五段91巷口(西北側),47,26,21
2022-09-03 15:08:12,信義區,YouBike2.0_松德公園,松德路168巷20號前,25,8,17
2022-09-03 15:54:39,信義區,YouBike2.0_世貿三館,市府路/松壽路口東南側,18,11,7
2022-09-03 16:05:39,信義區,YouBike2.0_松德虎林街口,松德路79號前,22,12,10
2022-09-03 15:59:38,信義區,YouBike2.0_富台公園,松信路209號旁,20,13,7
2022-09-03 15:55:19,信義區,YouBike2.0_基隆路一段101巷口,基隆路一段109-6號前,20,11,8
2022-09-03 16:08:45,信義區,YouBike2.0_捷運永春站(2號出口),虎林街132巷44號西側,18,8,10
2022-09-03 15:41:13,信義區,YouBike2.0_吳興街260巷,吳興街260巷/吳興街260巷21弄口(東南側),22,11,11
2022-09-03 15:44:11,信義區,YouBike2.0_松山家商(林口街),林口街/福德街口(東南側),21,7,14
2022-09-03 15:26:12,信義區,YouBike2.0_仁愛逸仙路口,仁愛路四段/逸仙路口(西北側),28,14,14
2022-09-03 16:01:39,信義區,YouBike2.0_安強公園,虎林街222巷55號,18,5,13
2022-09-03 16:07:12,信義區,YouBike2.0_信義基隆路口,信義路四段393號前,12,5,7
2022-09-03 16:08:45,信義區,YouBike2.0_捷運台北101/世貿站(2號出口),捷運台北101/世貿站(2號出口)(西側),39,20,19
2022-09-03 16:04:38,信義區,YouBike2.0_吳興街284巷36弄口,吳興街284巷36弄24號西側,25,1,24
2022-09-03 16:07:12,信義區,YouBike2.0_協和祐德高級中學,中坡南路51號對側,20,8,12
2022-09-03 13:55:18,信義區,YouBike2.0_福德國小公車站,福德街308號對側,10,4,6
2022-09-03 16:05:14,信義區,YouBike2.0_松仁路95巷口,松仁路/松仁路95巷(東南側),28,6,22
2022-09-03 16:01:12,信義區,YouBike2.0_臺北南山廣場_1,松智路/松廉路(東北側),25,13,7
2022-09-03 16:08:17,信義區,YouBike2.0_景聯廣場,松勤街8號對側,13,3,10
2022-09-03 14:53:38,信義區,YouBike2.0_景平公園,松平路50巷15號對側,13,7,6
2022-09-03 16:06:13,信義區,YouBike2.0_捷運市政府站(3號出口),忠孝東路/松仁路(東南側),92,52,40
2022-09-03 12:31:12,信義區,YouBike2.0_五分埔公園,中坡北路57號旁,18,14,4
2022-09-03 15:27:12,萬華區,YouBike2.0_德昌寶興街口(西北角),寶興街186號(前),15,2,13
2022-09-03 15:20:40,萬華區,YouBike2.0_寶興長泰街口(西南角),寶興街/長泰街(西南側),17,7,10
2022-09-03 15:49:38,萬華區,YouBike2.0_萬大路486巷口,萬大路482號(旁),10,2,8
2022-09-03 16:03:39,萬華區,YouBike2.0_國興中華路口,國興路2號前,14,6,8
2022-09-03 15:31:39,萬華區,YouBike2.0_古亭國中,中華路二段465號對側,12,6,6
2022-09-03 12:44:11,萬華區,YouBike2.0_國興水源路口,國興路1巷15號對側,14,4,10
2022-09-03 15:48:11,萬華區,YouBike2.0_青年公園高爾夫球場,國興路42號對側,16,7,9
2022-09-03 16:03:04,萬華區,YouBike2.0_國興青年路口,國興路與青年路口西南側,12,11,1
2022-09-03 15:35:38,萬華區,YouBike2.0_青年公園棒球場,青年路66號對側,28,5,22
2022-09-03 15:00:39,萬華區,YouBike2.0_青年公園籃球場,青年公園籃球場南側,16,4,12
2022-09-03 15:52:12,萬華區,YouBike2.0_復華花園新城,西藏路123號前,14,6,8
2022-09-03 14:29:39,萬華區,YouBike2.0_新和國小,萬大路277巷37弄1號東側,20,4,16
2022-09-03 15:20:40,萬華區,YouBike2.0_莒光郵局,莒光路210號前,16,9,7
2022-09-03 15:40:11,萬華區,YouBike2.0_莒光立體停車場,莒光路137號前,10,0,10
2022-09-03 14:12:12,萬華區,YouBike2.0_艋舺大道146巷口,艋舺大道142號前,14,1,13
2022-09-03 15:38:12,萬華區,YouBike2.0_東園國小,東園街199號前方,28,15,13
2022-09-03 14:47:12,萬華區,YouBike2.0_華中疏散門,環河南路三段371號前,12,3,9
2022-09-03 16:07:12,萬華區,YouBike2.0_錦德公園,德昌街243號前,16,6,10
2022-09-03 14:40:19,萬華區,YouBike2.0_忠德公園,東園街66巷20弄27號前,12,8,4
2022-09-03 15:36:12,萬華區,YouBike2.0_萬華國中,西藏路201號前方,21,16,5
2022-08-19 08:42:04,萬華區,YouBike2.0_華江高中,東園街35巷14號對側,22,0,22
2022-09-03 15:23:39,萬華區,YouBike2.0_西園艋舺路口,西園路二段與艋舺大道口西南側,24,11,13
2022-09-03 15:54:39,萬華區,YouBike2.0_雙園國中,西園路二段320巷與興義街口,18,10,8
2022-09-03 15:46:12,萬華區,YouBike2.0_長順區民活動中心,長順街127號前,26,8,18
2022-09-03 15:34:12,萬華區,YouBike2.0_華江國小,環河南路二段250巷25弄2號對側,23,10,13
2022-09-03 15:25:13,萬華區,YouBike2.0_華江八號公園,環河南路二段216號旁,20,7,13
2022-09-03 15:13:38,萬華區,YouBike2.0_環河南雙園街口,環河南路二段282號前,15,3,12
2022-09-03 14:50:20,萬華區,YouBike2.0_大理高中,環河南路二段與西藏路口東側,37,7,30
2022-09-03 15:41:13,萬華區,YouBike2.0_糖廍文化園區,大理街177號對側,14,5,9
2022-09-03 14:53:12,萬華區,YouBike2.0_兩棵樹公園,艋舺大道與大理街160巷20弄口東側,17,7,10
2022-09-03 14:47:12,萬華區,YouBike2.0_萬華青年公宅,青年路188號前,23,18,5
2022-09-03 16:07:04,萬華區,YouBike2.0_開封西寧路口,西寧南路12號(對面),21,19,2
2022-09-03 16:01:12,萬華區,YouBike2.0_峨嵋停車場,峨嵋街83號(旁),29,17,12
2022-09-03 16:06:39,萬華區,YouBike2.0_長沙公園,環河南路一段280-1號(對面),17,7,10
2022-09-03 15:42:12,萬華區,YouBike2.0_貓公園(中興橋頭),成都路108號(對面),15,5,10
2022-09-03 16:05:39,萬華區,YouBike2.0_西本願寺廣場,中華路一段164號(前),59,30,29
2022-09-03 16:06:39,萬華區,YouBike2.0_中華桂林路口,中華路一段與桂林路口西北側,22,5,17
2022-09-03 16:08:17,萬華區,YouBike2.0_捷運龍山寺站(1號出口),和平西路三段/西園路一段(東北側),30,12,18
2022-09-03 15:34:12,萬華區,YouBike2.0_龍山國小,和平西路三段235號(旁),24,3,21
2022-09-03 15:42:40,萬華區,YouBike2.0_華西公園,桂林路134號(對面),33,22,11
2022-09-03 15:59:12,萬華區,YouBike2.0_老松國小,康定路238號(對面),28,20,8
2022-09-03 14:49:12,萬華區,YouBike2.0_萬華火車站,艋舺大道83號(前),53,12,41
2022-09-03 15:39:12,萬華區,YouBike2.0_萬華火車站(D2廣場),康定路/康定路287巷(東南側),17,13,4
2022-09-03 15:10:20,萬華區,YouBike2.0_捷運龍山寺站(3號出口),和平西路三段/和平西路三段88巷(西南側),23,12,11
2022-09-03 14:45:05,萬華區,YouBike2.0_臺北市電影主題公園(峨嵋街),峨嵋街100號(對面),15,0,15
2022-09-03 15:37:38,萬華區,YouBike2.0_臺北市電影主題公園(康定路),康定路18-2號(對面),15,1,14
2022-09-03 16:07:12,萬華區,YouBike2.0_中華峨嵋街口,中華路一段130號(前),24,12,12
2022-09-03 15:38:38,萬華區,YouBike2.0_萬華266號綠地,康定路81號(對面),15,2,13
2022-09-03 16:00:39,萬華區,YouBike2.0_萬大國小(萬大路344巷口),萬大路346號(旁),18,1,17
2022-09-03 15:41:39,萬華區,YouBike2.0_德昌街10巷口,德昌街15號(對面),10,2,8
2022-09-03 15:09:39,萬華區,YouBike2.0_環河南和平西路口,環河南路一段/和平西路三段口(西南側),20,5,15
2022-09-03 15:36:12,萬華區,YouBike2.0_長順街60巷口,長順街60巷38號對側,15,3,12
2022-09-03 16:04:12,萬華區,YouBike2.0_西園公園,東園街35巷/東園街67巷交叉口,7,5,2
2022-09-03 13:00:26,萬華區,YouBike2.0_華江污水廠,桂林路246巷66號南側,20,5,15
2022-09-03 15:22:12,萬華區,YouBike2.0_柳鄉公園,環河南路二段102號西北側,21,4,17
2022-09-03 15:57:39,萬華區,YouBike2.0_綠堤社區公園,大理街170巷與環河南路二段159巷口,22,8,14
2022-09-03 15:34:38,萬華區,YouBike2.0_長順艋舺大道口,長順街與雙園街106巷口,26,4,22
2022-09-03 15:42:48,萬華區,YouBike2.0_富民路145巷口,富民路151號對側,20,10,10
2022-09-03 11:41:14,萬華區,YouBike2.0_環南市場,環河南路二段245號旁,14,3,11
2022-07-19 10:35:05,萬華區,YouBike2.0_龍山國中,南寧路與廣州街口南側,16,0,16
2022-09-03 15:43:12,萬華區,YouBike2.0_洛陽停車場,昆明街與洛陽街口西側,22,13,9
2022-09-03 15:46:39,萬華區,YouBike2.0_桂林昆明街口,桂林路與昆明街口西北側,20,12,8
2022-09-03 15:36:12,萬華區,YouBike2.0_萬華國中_1,西藏路 / 莒光路299巷口(東南側),19,5,14
2022-09-03 16:04:12,萬華區,YouBike2.0_青年公園3號出口,青年路/青年路106巷(東側),20,5,15
2022-09-03 15:23:12,萬華區,YouBike2.0_捷運龍山寺站(1號出口)_1,和平西路三段/和平西路三段109巷(西北側),32,9,23
2022-09-03 16:05:39,臺大專區,YouBike2.0_臺大水源舍區A棟,汀洲路三段60巷2弄路側(A舍北側),37,16,21
2022-09-03 15:51:40,臺大專區,YouBike2.0_臺大卓越研究大樓,臺大水源舍區C南側,32,5,27
2022-09-03 16:00:26,臺大專區,YouBike2.0_臺大水源修齊會館,思源街16號之1旁,18,1,17
2022-09-03 06:43:04,臺大專區,YouBike2.0_臺大檔案展示館,臺大檔案展示館東北側,10,1,9
2022-09-03 15:33:38,臺大專區,YouBike2.0_臺大水源舍區B棟,汀洲路三段60巷2弄路側(B舍北側),30,2,28
2022-09-03 15:58:12,臺大專區,YouBike2.0_臺大男八舍東側,臺大男八舍東側,42,3,39
2022-09-03 14:14:38,臺大專區,YouBike2.0_臺大禮賢樓東南側,臺大仰萃樓東南側,23,4,19
2022-09-03 16:07:43,臺大專區,YouBike2.0_臺大農業陳列館北側,農業陳列館北側,45,18,27
2022-09-03 14:56:12,臺大專區,YouBike2.0_臺大管理學院二館北側,管理學院二號館北側,40,10,30
2022-09-03 12:41:04,臺大專區,YouBike2.0_臺大土木系館,臺大土木工程學系所南側,10,1,9
2022-09-03 16:08:18,臺大專區,YouBike2.0_臺大大一女舍北側,臺大女一舍北側,53,15,38
2022-09-03 15:20:40,臺大專區,YouBike2.0_臺大女九舍西南側,臺大女九舍西南側,62,15,47
2022-09-03 15:30:26,臺大專區,YouBike2.0_臺大小福樓東側,臺大小福樓東側,31,7,24
2022-09-03 16:02:12,臺大專區,YouBike2.0_臺大立體機車停車場,基隆路三段/基隆路三段156巷口北側,27,12,15
2022-09-03 16:01:12,臺大專區,YouBike2.0_臺大工綜館南側,臺大工學院東南側,26,7,19
2022-09-03 16:00:35,臺大專區,YouBike2.0_臺大天文數學館南側,臺大天文數學館西南側,19,3,16
2022-09-03 15:53:39,臺大專區,YouBike2.0_臺大心理系館南側,臺大心理學系南側,30,5,25
2022-09-03 15:34:12,臺大專區,YouBike2.0_臺大樂學館東側,臺大文學院西側,28,13,15
2022-09-03 14:44:16,臺大專區,YouBike2.0_臺大農化新館西側,臺大生化科技學系西側,10,1,9
2022-09-03 15:22:12,臺大專區,YouBike2.0_臺大五號館西側,臺大生物系館西側,20,6,14
2022-09-03 16:03:13,臺大專區,YouBike2.0_臺大舊體育館西側,臺大田徑場東側,33,2,31
2022-09-03 15:40:20,臺大專區,YouBike2.0_臺大共同教室北側,臺大共同教學館東北側,20,9,11
2022-09-03 16:01:39,臺大專區,YouBike2.0_臺大共同教室東南側,臺大共同教學館東南側,12,10,2
2022-09-03 15:53:12,臺大專區,YouBike2.0_臺大鹿鳴堂東側,臺大鹿鳴廣場人行道側,27,12,15
2022-09-03 12:21:13,臺大專區,YouBike2.0_臺大公館停車場西北側,臺大公館停車場西北側,12,4,8
2022-09-03 14:23:11,臺大專區,YouBike2.0_臺大第二行政大樓南側,臺大行政大樓西側,27,17,10
2022-09-03 15:42:40,臺大專區,YouBike2.0_臺大明達館機車停車場,臺大明達館西側,28,13,15
2022-09-03 16:05:14,臺大專區,YouBike2.0_臺大二號館,臺大物理文物廳北側,10,2,8
2022-09-03 16:00:35,臺大專區,YouBike2.0_臺大凝態館南側,臺大物理系館南側,20,11,9
2022-09-03 16:03:39,臺大專區,YouBike2.0_臺大社科院西側,臺大社科院西側,42,14,28
2022-09-03 15:59:38,臺大專區,YouBike2.0_臺大社會系館南側,臺大社會及社工館南側,39,11,27
2022-09-03 15:56:12,臺大專區,YouBike2.0_臺大思亮館東南側,臺大思亮館東南側,10,2,8
2022-09-03 16:07:43,臺大專區,YouBike2.0_臺大椰林小舖,臺大椰林小舖旁,48,6,42
2022-09-03 15:15:39,臺大專區,YouBike2.0_臺大計資中心南側,臺大計算機網路資訊中心南側,34,6,28
2022-09-03 14:57:04,臺大專區,YouBike2.0_臺大原分所北側,臺大原子與分子科學研究所東北側,12,1,11
2022-09-03 15:58:12,臺大專區,YouBike2.0_臺大生命科學館西北側,臺大動物博物館西側,30,22,8
2022-09-03 16:08:18,臺大專區,YouBike2.0_臺大第一活動中心西南側,第一學生活動中心東南側,40,20,16
2022-09-03 16:05:39,臺大專區,YouBike2.0_臺大博理館西側,臺大博理館西側,22,9,13
2022-09-03 10:58:12,臺大專區,YouBike2.0_臺大博雅館西側,臺大博雅館西側,56,20,36
2022-09-03 15:29:12,臺大專區,YouBike2.0_臺大森林館北側,臺大森林系學系北側,10,4,6
2022-09-03 16:07:04,臺大專區,YouBike2.0_臺大一號館,臺大植物魚類標本館一號館北側,19,0,19
2022-09-03 15:17:38,臺大專區,YouBike2.0_臺大小小福西南側,臺大進修教育大樓,10,4,6
2022-09-03 15:37:38,臺大專區,YouBike2.0_臺大教研館北側,臺大雅頌廣場東南側,11,2,9
2022-09-03 16:03:13,臺大專區,YouBike2.0_臺大四號館東北側,臺大園藝暨景觀學系北側,10,5,5
2022-09-03 15:40:20,臺大專區,YouBike2.0_臺大新生教室南側,臺大新生教學館南側,18,4,14
2022-09-03 14:56:04,臺大專區,YouBike2.0_臺大鄭江樓北側,臺大新聞研究所南側,10,10,0
2022-09-03 15:42:12,臺大專區,YouBike2.0_臺大電機二館東南側,臺大電機二館南側,14,2,12
2022-09-03 15:37:38,臺大專區,YouBike2.0_臺大圖資系館北側,臺大圖書資訊館北側,25,16,9
2022-09-03 15:41:13,臺大專區,YouBike2.0_臺大總圖書館西南側,臺大圖書館西南側,30,16,14
2022-09-03 15:51:40,臺大專區,YouBike2.0_臺大黑森林西側,臺大霖澤館南側,20,12,8
2022-09-03 15:47:38,臺大專區,YouBike2.0_臺大獸醫館南側,臺大獸醫系館南側,24,14,10
2022-09-03 16:00:35,臺大專區,YouBike2.0_臺大新體育館東南側,臺大體育館東側,40,7,33
2022-09-03 06:39:04,臺大公館校區,YouBike2.0_臺大明達館北側(員工宿舍),明達館北側前空地,18,0,18
